cod_local,periodo,codigo_ine,pct_area_viaria,pnc_jubilacion_per_1000,pnc_invalidez_per_1000,pnc_total_per_1000,densidad_poblacion_hab_km2,tasa_crecimiento_pct,clasificacion,ratio_poblacion_area,autonomia_financiera_pct,residuos_kg_habitante,agua_suministrada_per_1000hab,agua_residual_per_1000hab,carga_dbo5_t_anio,pct_verde_urbano,pct_forestal_osm,pct_parque,area_parque_m2_per_hab,area_verde_m2_per_hab,area_forestal_m2_per_hab,parques_per_1000hab,area_parque_m2_per_1000hab,pct_agua,pct_humedal,pct_ribera
28005002,2016,28005,,3.672338748933817,2.3854970684998102,6.057835817433628,2222.98,,Urbano,2222.98,67.03,380.5,2506.0411317614994,7658.358302664019,4290.363,,,,9.063484204239767,10.913851980786802,101.39811236964478,0.6533712424772979,9063.484204239769,,,
28005002,2017,28005,,0.3818856205695121,2.422553288795891,6.241563170797075,2204.86,-0.8152,Urbano,2204.86,66.29,402.0,2528.8636714528334,7687.298646492718,4255.389,,,,9.137975400133806,11.003551026709896,102.23148577016109,0.6587411867634193,9137.975400133806,,,
28005002,2018,28005,,3.929414651298654,2.413166518675133,6.342581169973788,2198.52,-0.2877,Urbano,2198.52,63.09,384.6,2538.3920599119488,7675.377159343694,4243.147,,,,9.164339796955886,11.035297882333513,102.52643857322026,0.6606417515264438,9164.339796955886,,,
28005002,2019,28005,,4.057691920964001,2.344450890942364,6.402142811906365,2220.05,0.9796,Urbano,2220.05,67.29,395.0,2537.0229339275947,7381.596634789854,4284.713,,,,9.075436112630271,10.928243947068475,101.53182484960313,0.654232835332662,9075.436112630272,,,
28005002,2020,28005,,3.989446433333412,2.239565019363152,6.229011452696564,2241.76,0.9778,Urbano,2241.76,63.36,376.4,2535.487593768032,7092.92272805499,4326.608,,,,8.987558336117269,10.82242536520181,100.54868851297314,0.6478978750974378,8987.558336117268,,,
28005002,2021,28005,,0.4094056049760259,2.170856927108768,6.265061097565473,2223.83,-0.7997,Urbano,2223.83,62.41,391.6,2564.7712545029644,7745.754712167444,4292.006,,,,9.060015715728996,10.909675378351071,101.3593085079242,0.6531212050086233,9060.015715728996,,,
28005002,2022,28005,,3.983801695204505,2.028787900335628,6.012589595540133,2234.11,0.4623,Urbano,2234.11,53.44,406.5,2561.771159237739,8303.019991060906,4311.847,,,,9.018325139165414,10.85947340620048,100.89289342164074,0.6501158018772094,9018.325139165414,,,
28005002,2023,28005,6.272,4.050925419764737,1.9443392439030576,5.995264663667795,2260.17,1.1661,Urbano,2260.17,60.02,378.6,2532.2415455056635,8207.31082817897,4362.13,2.424,22.523,2.013,8.914370632179292,10.734295927383725,99.7298979837738,0.6426218973411519,8914.370632179292,0.483,0.0,0.483
28006004,2016,28006,,3.672338748933817,2.3854970684998102,6.057835817433628,2506.4,,Urbano,2506.4,79.15,380.5,4331.665784365626,13237.391918122465,2482.146,,,,12.863949179460032,32.3698605964355,42.03105699664726,1.1558143638609495,12863.949179460033,,,
28006004,2017,28006,,0.3818856205695121,2.422553288795891,6.241563170797075,2540.1,1.3446,Urbano,2540.1,83.65,402.0,4277.9591516924365,13004.239796629055,2515.522,,,,12.693272043460093,31.940381668756093,41.47339462320657,1.140479175372615,12693.272043460092,,,
28006004,2018,28006,,3.929414651298654,2.413166518675133,6.342581169973788,2566.04,1.0212,Urbano,2566.04,75.09,384.6,4238.441186862811,12815.843222420435,2541.21,,,,12.564957729000232,31.617501314235977,41.05414652222998,1.128950248627593,12564.957729000233,,,
28006004,2019,28006,,4.057691920964001,2.344450890942364,6.402142811906365,2588.22,0.8644,Urbano,2588.22,80.24,395.0,4240.994531784006,12339.388243335612,2563.176,,,,12.45727956254272,31.34654818865345,40.70232399179768,1.1192754613807243,12457.27956254272,,,
28006004,2020,28006,,3.989446433333412,2.239565019363152,6.229011452696564,2618.67,1.1765,Urbano,2618.67,78.9,376.4,4230.102096827314,11833.537414391514,2593.332,,,,12.312421358419822,30.98203805196889,40.22902117094674,1.1062600809005465,12312.421358419822,,,
28006004,2021,28006,,0.4094056049760259,2.170856927108768,6.265061097565473,2578.25,-1.5437,Urbano,2578.25,81.98,391.6,4311.290087401042,13020.340683941024,2553.299,,,,12.505467925790596,31.46780571065881,40.85977236274434,1.1236051428522418,12505.467925790595,,,
28006004,2022,28006,,3.983801695204505,2.028787900335628,6.012589595540133,2588.25,0.3877,Urbano,2588.25,72.37,406.5,4309.447116822311,13967.45584880512,2563.198,,,,12.457173127365625,31.34628036329149,40.701976230551686,1.1192658982749637,12457.173127365624,,,
28006004,2023,28006,7.521,4.050925419764737,1.9443392439030576,5.995264663667795,2640.77,2.0292,Urbano,2640.77,84.16,378.6,4223.738862463992,13689.664701547532,2615.21,8.107,10.527,3.222,12.20941917331011,30.722851209218195,39.89247672003752,1.0970054264085214,12209.41917331011,0.172,0.0,0.172
28007004,2016,28007,,3.672338748933817,2.3854970684998102,6.057835817433628,4984.75,,Urbano,4984.75,67.64,380.5,2933.607801426916,8964.9844043166,3665.053,,,,13.797100756480276,15.698459552804236,22.731455477610336,0.8783775708976181,13797.100756480277,,,
28007004,2017,28007,,0.3818856205695121,2.422553288795891,6.241563170797075,5008.19,0.4703,Urbano,5008.19,,402.0,2922.4490160044247,8883.728537358527,3682.288,,,,13.73252210942007,15.624981414408143,22.62505873047026,0.8742662408335861,13732.522109420072,,,
28007004,2018,28007,,3.929414651298654,2.413166518675133,6.342581169973788,5048.73,0.8094,Urbano,5048.73,69.32,384.6,2901.535085131739,8773.418602730351,3712.094,,,,13.622258144446674,15.499522129532394,22.443392998312703,0.8672464041722222,13622.258144446674,,,
28007004,2019,28007,,4.057691920964001,2.344450890942364,6.402142811906365,5078.87,0.597,Urbano,5078.87,70.48,395.0,2910.998510386244,8469.697502844341,3734.257,,,,13.541410089494118,15.407532519323926,22.31019153852469,0.8620992997642423,13541.410089494118,,,
28007004,2020,28007,,3.989446433333412,2.239565019363152,6.229011452696564,5134.57,1.0967,Urbano,5134.57,67.13,376.4,2905.814924819009,8128.898273621681,3775.21,,,,13.394514572118062,15.240393540003712,22.068173380360125,0.8527473547428996,13394.514572118062,,,
28007004,2021,28007,,0.4094056049760259,2.170856927108768,6.265061097565473,5087.9,-0.909,Urbano,5087.9,60.85,391.6,2942.6169526452286,8886.87015929328,3740.892,,,,13.517389955332314,15.380202204698596,22.270617093146463,0.8605700837738632,13517.389955332314,,,
28007004,2022,28007,,3.983801695204505,2.028787900335628,6.012589595540133,5072.38,-0.305,Urbano,5072.38,57.43,406.5,2961.795931789355,9599.550194954669,3729.482,,,,13.558744773805609,15.4272560717809,22.33875135058956,0.8632028937849392,13558.744773805607,,,
28007004,2023,28007,9.985,4.050925419764737,1.9443392439030576,5.995264663667795,5116.34,0.8667,Urbano,5116.34,61.02,378.6,2936.345853806208,9517.0633164893,3761.807,7.82,11.323,6.873,13.44223738443984,15.294692965093263,22.14679924551149,0.8557855762289547,13442.23738443984,0.249,0.0,0.249
28009001,2016,28009,,3.672338748933817,2.3854970684998102,6.057835817433628,535.59,,Urbano,535.59,69.07,380.5,24171.680370242724,73867.65791935404,444.811,,,,7.828270395352272,8.532322386883955,40.27374329181232,2.1170794150952683,7828.270395352272,,,
28009001,2017,28009,,0.3818856205695121,2.422553288795891,6.241563170797075,538.44,0.5317,Urbano,538.44,65.98,402.0,24065.01297810862,73153.38655174102,447.176,,,,7.786865174592291,8.48719330035751,40.06072775356286,2.105881776776532,7786.865174592292,,,
28009001,2018,28009,,3.929414651298654,2.413166518675133,6.342581169973788,539.86,0.2645,Urbano,539.86,62.29,384.6,24022.66399648317,72637.71797000928,448.359,,,,7.766326381087286,8.464807307185072,39.95506276559371,2.100327260294046,7766.326381087286,,,
28009001,2019,28009,,4.057691920964001,2.344450890942364,6.402142811906365,543.5,0.6741,Urbano,543.5,67.09,395.0,24082.577264567462,70069.47746349037,451.381,,,,7.714327300955801,8.408131580224152,39.68754548542041,2.086264615981757,7714.327300955801,,,
28009001,2020,28009,,3.989446433333412,2.239565019363152,6.229011452696564,550.17,1.2275,Urbano,550.17,29.18,376.4,24008.627300613494,67163.1518404908,456.922,,,,7.620782208588957,8.306173312883436,39.206288343558285,2.0609662576687118,7620.782208588957,,,
28009001,2021,28009,,0.4094056049760259,2.170856927108768,6.265061097565473,547.14,-0.5512,Urbano,547.14,48.66,391.6,24225.215673044484,73161.5258566678,454.403,,,,7.663019904573714,8.352209745047954,39.42358667887609,2.0723890307966646,7663.019904573714,,,
28009001,2022,28009,,3.983801695204505,2.028787900335628,6.012589595540133,547.61,0.0868,Urbano,547.61,59.84,406.5,24287.66793470409,78719.36245004094,454.797,,,,7.656377907256705,8.344970385708095,39.38941590022632,2.07059276737131,7656.377907256705,,,
28009001,2023,28009,2.496,4.050925419764737,1.9443392439030576,5.995264663667795,553.52,1.0786,Urbano,553.52,,378.6,24028.488399790385,77879.32923633938,459.703,0.457,2.155,0.419,7.574674860654566,8.255919203468153,38.96908198751846,2.048496974894002,7574.674860654566,0.572,0.0,0.572
28013002,2016,28013,,3.672338748933817,2.3854970684998102,6.057835817433628,306.59,,Urbano,306.59,62.81,380.5,8474.608161292548,25898.0528895947,1268.711,,,,17.120071808327005,18.80653179589864,376.5880687702824,1.208313194780087,17120.071808327004,,,
28013002,2017,28013,,0.3818856205695121,2.422553288795891,6.241563170797075,308.07,0.4851,Urbano,308.07,62.14,402.0,8441.129988146979,25659.543400958548,1274.865,,,,17.037431501554636,18.71575077731778,374.7702403243262,1.2024805455826018,17037.431501554634,,,
28013002,2018,28013,,3.929414651298654,2.413166518675133,6.342581169973788,312.43,1.4155,Urbano,312.43,34.28,384.6,8330.64010705151,25189.491335941868,1292.91,,,,16.799634127750394,18.45452851601538,369.5394413672781,1.1856971052052103,16799.634127750396,,,
28013002,2019,28013,,4.057691920964001,2.344450890942364,6.402142811906365,315.45,0.9655,Urbano,315.45,65.2,395.0,8327.310550774238,24228.731524820912,1305.393,,,,16.638985354069153,18.278054590903757,366.0056704749442,1.1743587162581577,16638.98535406915,,,
28013002,2020,28013,,3.989446433333412,2.239565019363152,6.229011452696564,319.29,1.2163,Urbano,319.29,49.92,376.4,8302.658622289995,23226.347543592125,1321.271,,,,16.439037326791752,18.05841013061062,361.60743883842736,1.1602466352847578,16439.037326791753,,,
28013002,2021,28013,,0.4094056049760259,2.170856927108768,6.265061097565473,316.65,-0.8271,Urbano,316.65,52.56,391.6,8400.86574298464,25371.09120385072,1310.343,,,,16.57613691441178,18.209015092006084,364.623201243461,1.1699229522170038,16576.13691441178,,,
28013002,2022,28013,,3.983801695204505,2.028787900335628,6.012589595540133,316.27,-0.1187,Urbano,316.27,48.59,406.5,8439.844717378935,27354.589873163543,1308.788,,,,16.59583012616713,18.230648238010776,365.0563903483819,1.1713128744017938,16595.83012616713,,,
28013002,2023,28013,2.953,4.050925419764737,1.9443392439030576,5.995264663667795,321.06,1.516,Urbano,321.06,39.85,378.6,8313.80628997165,26946.083602558185,1328.629,0.576,11.537,0.525,16.347992351816444,17.95839651875783,359.60473396189093,1.1538207951473596,16347.992351816443,1.379,0.176,1.555
28014002,2016,28014,,3.672338748933817,2.3854970684998102,6.057835817433628,675.99,,Urbano,675.99,56.52,380.5,9048.787230905338,27652.720436449425,1188.206,,,,6.229725744618107,6.965128280743143,131.2076083751106,0.9952816278383958,6229.725744618107,,,
28014002,2017,28014,,0.3818856205695121,2.422553288795891,6.241563170797075,670.57,-0.8018,Urbano,670.57,56.98,402.0,9129.958566358857,27753.460545140373,1178.68,,,,6.280076550045521,7.021422864681073,132.2680738001895,1.0033258393563849,6280.076550045522,,,
28014002,2018,28014,,3.929414651298654,2.413166518675133,6.342581169973788,679.7,1.3619,Urbano,679.7,70.34,384.6,9015.214283095647,27259.449352934706,1194.733,,,,6.195696007625472,6.927081423910254,130.49088976060418,0.9898449242951936,6195.696007625472,,,
28014002,2019,28014,,4.057691920964001,2.344450890942364,6.402142811906365,690.1,1.5306,Urbano,690.1,71.43,395.0,8961.454440412357,26073.805268194046,1213.019,,,,6.102294679448988,6.8226543176442975,128.5237140948564,0.9749228186101934,6102.294679448988,,,
28014002,2020,28014,,3.989446433333412,2.239565019363152,6.229011452696564,706.16,2.3272,Urbano,706.16,63.35,376.4,8837.92653234059,24723.73760542009,1241.248,,,,5.963513179716998,6.667490031405484,125.60076220050108,0.9527506263453192,5963.513179716998,,,
28014002,2021,28014,,0.4094056049760259,2.170856927108768,6.265061097565473,702.53,-0.5152,Urbano,702.53,59.13,391.6,8914.429113609762,26922.081722413364,1234.853,,,,5.994395772000142,6.702018231475899,126.25119710566452,0.9576845316213244,5994.395772000142,,,
28014002,2022,28014,,3.983801695204505,2.028787900335628,6.012589595540133,717.07,2.0697,Urbano,717.07,59.34,406.5,8763.782947891508,28404.514100046912,1260.411,,,,5.87284763609195,6.566121661772627,123.69120636630583,0.9382655986655778,5872.84763609195,,,
28014002,2023,28014,4.68,4.050925419764737,1.9443392439030576,5.995264663667795,734.97,2.4968,Urbano,734.97,61.87,378.6,8550.296660450924,27712.57840311917,1291.881,0.47,8.863,0.421,5.729784709272758,6.406170537379217,120.67808103068316,0.915409391422275,5729.784709272758,0.528,0.0,0.528
28016001,2016,28016,,3.672338748933817,2.3854970684998102,6.057835817433628,3.34,,Rural,3.34,,380.5,5167905.263157894,15792905.263157897,2.08,,,,7.368421052631579,21.05263157894737,214365.26315789475,21.052631578947366,7368.421052631579,,,
28016001,2017,28016,,0.3818856205695121,2.422553288795891,6.241563170797075,3.41,2.1053,Rural,3.41,,402.0,5065809.278350515,15399164.948453609,2.124,,,,7.216494845360825,20.61855670103093,209945.36082474227,20.61855670103093,7216.494845360825,,,
28016001,2018,28016,,3.929414651298654,2.413166518675133,6.342581169973788,3.27,-4.1237,Rural,3.27,,384.6,5288344.086021505,15990451.612903226,2.037,,,,7.526881720430108,21.50537634408602,218975.2688172043,21.505376344086024,7526.881720430108,,,
28016001,2019,28016,,4.057691920964001,2.344450890942364,6.402142811906365,3.13,-4.3011,Rural,3.13,,395.0,5577146.067415731,16226988.764044944,1.949,,,,7.865168539325842,22.471910112359552,228816.85393258423,22.47191011235955,7865.168539325842,,,
28016001,2020,28016,,3.989446433333412,2.239565019363152,6.229011452696564,3.16,1.1236,Rural,3.16,,376.4,5565733.333333334,15569911.11111111,1.971,,,,7.777777777777778,22.22222222222222,226274.44444444444,22.22222222222222,7777.777777777777,,,
28016001,2021,28016,,0.4094056049760259,2.170856927108768,6.265061097565473,3.83,21.1111,Rural,3.83,,391.6,4611458.71559633,13926866.972477064,2.387,,,,6.422018348623853,18.34862385321101,186832.11009174312,18.34862385321101,6422.018348623853,,,
28016001,2022,28016,,3.983801695204505,2.028787900335628,6.012589595540133,3.76,-1.8349,Rural,3.76,,406.5,4713850.46728972,15278177.57009346,2.343,,,,6.542056074766355,18.69158878504673,190324.29906542052,18.69158878504673,6542.056074766356,,,
28016001,2023,28016,0.675,4.050925419764737,1.9443392439030576,5.995264663667795,3.65,-2.8037,Rural,3.65,,378.6,4849826.923076923,15718894.23076923,2.278,0.007,71.515,0.002,6.730769230769231,19.23076923076923,195814.42307692303,19.230769230769237,6730.769230769231,7.56,0.0,7.56
28045002,2016,28045,,3.672338748933817,2.3854970684998102,6.057835817433628,262.63,,Urbano,262.63,64.32,380.5,10223.885880882966,31243.773427738444,1051.638,,,,16.193252811328612,16.865889212827987,875.6080799666805,1.7700957934194084,16193.252811328612,,,
28045002,2017,28045,,0.3818856205695121,2.422553288795891,6.241563170797075,265.88,1.237,Urbano,265.88,63.5,402.0,10107.859875755954,30726.10770559921,1064.647,,,,15.995392273830584,16.659809931295513,864.9092853910396,1.748467519644547,15995.392273830585,,,
28045002,2018,28045,,3.929414651298654,2.413166518675133,6.342581169973788,270.71,1.8184,Urbano,270.71,57.75,384.6,9936.078225382844,30043.88056083074,1084.006,,,,15.709725645480626,16.362277263727826,849.4626045496788,1.7172411006505313,15709.725645480628,,,
28045002,2019,28045,,4.057691920964001,2.344450890942364,6.402142811906365,277.57,2.5334,Urbano,277.57,65.42,395.0,9780.225409836065,28456.06084489281,1111.469,,,,15.32156368221942,15.957991803278688,828.4737547288777,1.674810844892812,15321.56368221942,,,
28045002,2020,28045,,3.989446433333412,2.239565019363152,6.229011452696564,284.06,2.3369,Urbano,284.06,55.57,376.4,9644.49921059725,26980.09164773384,1137.442,,,,14.971697023374023,15.593592360121685,809.5556240132465,1.6365666756517387,14971.697023374025,,,
28045002,2021,28045,,0.4094056049760259,2.170856927108768,6.265061097565473,287.02,1.0436,Urbano,287.02,55.15,391.6,9577.915396341465,28925.84794207317,1149.312,,,,14.817073170731708,15.432545731707316,801.1947408536586,1.6196646341463414,14817.073170731706,,,
28045002,2022,28045,,3.983801695204505,2.028787900335628,6.012589595540133,291.99,1.7321,Urbano,291.99,45.87,406.5,9447.301878664144,30619.884245818423,1169.219,,,,14.56479799209575,15.169791530090468,787.5536159133904,1.5920882578808369,14564.79799209575,,,
28045002,2023,28045,2.013,4.050925419764737,1.9443392439030576,5.995264663667795,301.89,3.3883,Urbano,301.89,56.46,378.6,9137.686148048842,29616.381028298125,1208.836,0.443,22.98,0.425,14.08746693720787,14.67263306641545,761.743179100692,1.5399108663357368,14087.46693720787,0.062,0.0,0.062
28047002,2016,28047,,3.672338748933817,2.3854970684998102,6.057835817433628,2443.85,,Urbano,2443.85,67.29,380.5,7970.37193369807,24357.127782197185,1348.974,,,,15.69394613374028,16.658278812279818,138.66422066009707,1.2662954364660617,15693.94613374028,,,
28047002,2017,28047,,0.3818856205695121,2.422553288795891,6.241563170797075,2465.87,0.901,Urbano,2465.87,67.48,402.0,7906.157484875789,24033.321534303,1361.129,,,,15.553803578324109,16.50952503539709,137.4259879006307,1.2549877719140172,15553.803578324108,,,
28047002,2018,28047,,3.929414651298654,2.413166518675133,6.342581169973788,2502.45,1.4835,Urbano,2502.45,68.76,384.6,7797.444271807718,23577.2584583188,1381.321,,,,15.326441957066304,16.268192916257096,135.41712908646986,1.236642673684878,15326.441957066305,,,
28047002,2019,28047,,4.057691920964001,2.344450890942364,6.402142811906365,2526.45,0.9592,Urbano,2526.45,65.76,395.0,7794.81461706371,22679.407654014667,1394.57,,,,15.180828844674068,16.113632437695316,134.13056109549458,1.2248936069975973,15180.828844674068,,,
28047002,2020,28047,,3.989446433333412,2.239565019363152,6.229011452696564,2554.19,1.0977,Urbano,2554.19,59.79,376.4,7780.856814439716,21766.628351300136,1409.878,,,,15.015999254403678,15.938674702538137,132.67420547391967,1.2115940228028208,15015.999254403678,,,
28047002,2021,28047,,0.4094056049760259,2.170856927108768,6.265061097565473,2532.25,-0.859,Urbano,2532.25,62.58,391.6,7875.424990207599,23784.2303172738,1397.768,,,,15.146102624363492,16.076772424598513,133.8237367802585,1.2220916568742657,15146.102624363491,,,
28047002,2022,28047,,3.983801695204505,2.028787900335628,6.012589595540133,2549.62,0.6863,Urbano,2549.62,57.99,406.5,7848.715435009259,25438.66610646873,1407.36,,,,15.04287070320402,15.96719729860106,132.91162877550067,1.2137621959759115,15042.87070320402,,,
28047002,2023,28047,6.219,4.050925419764737,1.9443392439030576,5.995264663667795,2604.93,2.1692,Urbano,2604.93,60.42,378.6,7682.075026272903,24898.5637479629,1437.888,4.068,33.866,3.833,14.723487213853817,15.628188921211752,130.0897086373121,1.1879921409750676,14723.487213853818,0.147,0.0,0.147
28049003,2016,28049,,3.672338748933817,2.3854970684998102,6.057835817433628,7031.82,,Urbano,7031.82,58.48,380.5,5807.802869885133,17748.40594797298,1851.273,,,,18.99376574828765,20.33761962783765,30.00011829699644,0.7216116782794885,18993.76574828765,,,
28049003,2017,28049,,0.3818856205695121,2.422553288795891,6.241563170797075,6905.21,-1.8005,Urbano,6905.21,62.37,402.0,5919.498620664731,17994.2296804038,1817.941,,,,19.34201491368614,20.710508245895124,30.55016805001747,0.734842370288275,19342.01491368614,,,
28049003,2018,28049,,3.929414651298654,2.413166518675133,6.342581169973788,6809.47,-1.3866,Urbano,6809.47,62.18,384.6,6008.01368189592,18166.52821891033,1792.734,,,,19.61397507940386,21.001710236989982,30.9797214756902,0.7451746884925483,19613.975079403863,,,
28049003,2019,28049,,4.057691920964001,2.344450890942364,6.402142811906365,6792.91,-0.2431,Urbano,6792.91,65.37,395.0,6078.372785050392,17685.333268022678,1788.376,,,,19.661772449516903,21.05288938416135,31.055216076217533,0.7469906075115417,19661.772449516902,,,
28049003,2020,28049,,3.989446433333412,2.239565019363152,6.229011452696564,6770.45,-0.3306,Urbano,6770.45,61.26,376.4,6154.4396800629065,17216.79301151233,1782.463,,,,19.726996842402723,21.122728557211484,31.158236168618156,0.7494686144659729,19726.996842402725,,,
28049003,2021,28049,,0.4094056049760259,2.170856927108768,6.265061097565473,6760.64,-0.145,Urbano,6760.64,63.34,391.6,6184.698485351839,18678.140341810933,1779.879,,,,19.75563840389797,21.15339657696898,31.203474708697847,0.7505567654694671,19755.63840389797,,,
28049003,2022,28049,,3.983801695204505,2.028787900335628,6.012589595540133,6704.32,-0.833,Urbano,6704.32,58.82,406.5,6258.151769318577,20283.45079160256,1765.052,,,,19.921584197726933,21.331083428457987,31.46558141843268,0.7568613826988932,19921.584197726934,,,
28049003,2023,28049,9.432,4.050925419764737,1.9443392439030576,5.995264663667795,6668.97,-0.5273,Urbano,6668.97,61.68,378.6,6291.327287922067,20390.97678711754,1755.745,14.29,21.08,13.346,20.02719187736214,21.44416310137082,31.632385775405076,0.7608736326102955,20027.19187736214,0.235,0.0,0.235
28058004,2016,28058,,3.672338748933817,2.3854970684998102,6.057835817433628,4946.54,,Urbano,4946.54,59.51,380.5,2528.446575441235,7726.828414129814,4252.345,,,,10.399596232187092,11.243697565547894,11.935355949137616,0.8600666422895283,10399.596232187092,,,
28058004,2017,28058,,0.3818856205695121,2.422553288795891,6.241563170797075,4959.23,0.2565,Urbano,4959.23,57.8,402.0,2524.200052396632,7673.1220687423265,4263.251,,,,10.372992104546691,11.214934067571107,11.904823058627722,0.8578664296832059,10372.99210454669,,,
28058004,2018,28058,,3.929414651298654,2.413166518675133,6.342581169973788,4931.64,-0.5563,Urbano,4931.64,59.13,384.6,2540.5556186914346,7681.919147045757,4239.533,,,,10.43102290454888,11.277675038484189,11.97142355335613,0.8626656886345087,10431.02290454888,,,
28058004,2019,28058,,4.057691920964001,2.344450890942364,6.402142811906365,4934.54,0.0589,Urbano,4934.54,60.0,395.0,2562.55033557047,7455.86990191017,4242.03,,,,10.424883840991225,11.27103768714507,11.96437790397522,0.8621579762519359,10424.883840991222,,,
28058004,2020,28058,,3.989446433333412,2.239565019363152,6.229011452696564,4955.28,0.4202,Urbano,4955.28,58.29,376.4,2575.218236219501,7204.067573542265,4259.857,,,,10.381257904315367,11.223870775368354,11.914309509855332,0.858550027247396,10381.25790431537,,,
28058004,2021,28058,,0.4094056049760259,2.170856927108768,6.265061097565473,4897.17,-1.1727,Urbano,4897.17,54.5,391.6,2614.790384585373,7896.815323071481,4209.903,,,,10.50443992446666,11.357051078638944,12.055682427054668,0.8687374176130009,10504.439924466662,,,
28058004,2022,28058,,3.983801695204505,2.028787900335628,6.012589595540133,4837.51,-1.2183,Urbano,4837.51,47.42,406.5,2656.165905703798,8608.965143161076,4158.613,,,,10.633995292035957,11.497122033166397,12.204369875349542,0.8794518960877556,10633.995292035956,,,
28058004,2023,28058,10.281,4.050925419764737,1.9443392439030576,5.995264663667795,4808.08,-0.6082,Urbano,4808.08,46.15,378.6,2672.420735842659,8661.649075957952,4133.318,5.558,5.9,5.141,10.699071719226856,11.567480501865038,12.279056459816887,0.8848338419803323,10699.071719226857,0.091,0.0,0.091
28065014,2016,28065,,3.672338748933817,2.3854970684998102,6.057835817433628,2248.03,,Urbano,2248.03,69.38,380.5,2779.088526483225,8492.77987535308,3868.832,,,,25.31147578102446,27.780073474886645,54.33915056691139,1.6698837874096424,25311.47578102446,,,
28065014,2017,28065,,0.3818856205695121,2.422553288795891,6.241563170797075,2268.76,0.9221,Urbano,2268.76,,402.0,2756.1221170241406,8378.124158664634,3904.507,,,,25.080207305034552,27.52624966346585,53.84265906847348,1.654626222740734,25080.207305034557,,,
28065014,2018,28065,,3.929414651298654,2.413166518675133,6.342581169973788,2300.05,1.3792,Urbano,2300.05,68.88,384.6,2721.018882747708,8227.58883964879,3958.359,,,,24.73899981742436,27.15176462126619,53.1101484395315,1.632115609111078,24738.99981742436,,,
28065014,2019,28065,,4.057691920964001,2.344450890942364,6.402142811906365,2333.48,1.4534,Urbano,2333.48,70.14,395.0,2706.8504804388845,7875.718476992376,4015.891,,,,24.384591054347943,26.762790799131828,52.34929706501467,1.6087340626261084,24384.591054347944,,,
28065014,2020,28065,,3.989446433333412,2.239565019363152,6.229011452696564,2356.46,0.9849,Urbano,2356.46,66.53,376.4,2705.022140619937,7567.188681283076,4055.442,,,,24.14677610973107,26.5017820498974,51.838751485041584,1.5930446052489469,24146.776109731072,,,
28065014,2021,28065,,0.4094056049760259,2.170856927108768,6.265061097565473,2329.93,-1.1259,Urbano,2329.93,65.89,391.6,2745.2906960867317,8290.933668314263,4009.781,,,,24.42174827275458,26.80357191621836,52.429066877850296,1.6111854501761382,24421.74827275458,,,
28065014,2022,28065,,3.983801695204505,2.028787900335628,6.012589595540133,2331.51,0.0677,Urbano,2331.51,57.04,406.5,2752.8913486046754,8922.4643732364,4012.496,,,,24.40521998264372,26.785431641914865,52.39358363488503,1.610095022896097,24405.21998264372,,,
28065014,2023,28065,6.902,4.050925419764737,1.9443392439030576,5.995264663667795,2365.61,1.4627,Urbano,2365.61,59.47,378.6,2713.2044820036685,8793.834286359797,4071.188,6.241,12.207,5.686,24.053383826701594,26.39928133018467,51.63825518157709,1.5868832000172135,24053.3838267016,0.645,0.003,0.648
28067001,2016,28067,,3.672338748933817,2.3854970684998102,6.057835817433628,99.26,,Rural,99.26,49.53,380.5,82071.38080909396,250806.7535941157,131.006,,,,5.71715145436309,6.569709127382146,1522.7683049147442,1.671681711802073,5717.15145436309,,,
28067001,2017,28067,,0.3818856205695121,2.422553288795891,6.241563170797075,100.37,1.12,Rural,100.37,49.44,402.0,81233.84030418251,246936.5184327988,132.473,,,,5.653827078856009,6.496941643246817,1505.9018019507355,1.6531658125309967,5653.827078856009,,,
28067001,2018,28067,,3.929414651298654,2.413166518675133,6.342581169973788,101.53,1.1572,Rural,101.53,54.52,384.6,80375.22470991992,243031.86795227975,134.006,,,,5.589148553685242,6.422618074848831,1488.6746200359537,1.6342539630658603,5589.148553685242,,,
28067001,2019,28067,,4.057691920964001,2.344450890942364,6.402142811906365,103.11,1.5525,Rural,103.11,52.37,395.0,79878.6610878661,232411.0074026392,136.087,,,,5.503701319600901,6.324428709365948,1465.9156742838752,1.6092693916961698,5503.701319600901,,,
28067001,2020,28067,,3.989446433333412,2.239565019363152,6.229011452696564,106.86,3.6369,Rural,106.86,54.12,376.4,77781.98757763975,217591.9254658385,141.036,,,,5.3105590062111805,6.10248447204969,1414.472049689441,1.5527950310559004,5310.5590062111805,,,
28067001,2021,28067,,0.4094056049760259,2.170856927108768,6.265061097565473,109.41,2.3913,Rural,109.41,47.17,391.6,76228.23779193206,230213.6032757052,144.409,,,,5.186533212010919,5.959963603275705,1381.4376706096452,1.516530178950561,5186.533212010919,,,
28067001,2022,28067,,3.983801695204505,2.028787900335628,6.012589595540133,110.71,1.1829,Rural,110.71,41.34,406.5,75596.82254196644,245018.7350119904,146.117,,,,5.125899280575539,5.890287769784172,1365.2877697841727,1.498800959232614,5125.899280575539,,,
28067001,2023,28067,1.29,4.050925419764737,1.9443392439030576,5.995264663667795,113.06,2.1283,Rural,113.06,42.47,378.6,74021.42647490461,239912.67977692984,149.227,0.065,15.104,0.057,5.019078368065747,5.767537422952745,1336.835926034635,1.46756677428823,5019.078368065747,5.188,0.0,5.188
28074007,2016,28074,,3.672338748933817,2.3854970684998102,6.057835817433628,4329.38,,Urbano,4329.38,62.87,380.5,2622.979810122187,8015.718078996436,4099.089,,,,37.19553568089415,39.23856539137589,87.79471398118318,0.7212578737317882,37195.53568089414,,,
28074007,2017,28074,,0.3818856205695121,2.422553288795891,6.241563170797075,4342.03,0.2922,Urbano,4342.03,58.9,402.0,2617.6406349882805,7957.164926486256,4111.068,,,,37.08715107607075,39.12422757298104,87.53888770509269,0.7191561900703175,37087.151076070746,,,
28074007,2018,28074,,3.929414651298654,2.413166518675133,6.342581169973788,4358.34,0.3756,Urbano,4358.34,55.26,384.6,2610.141966299589,7892.328512670824,4126.507,,,,36.94838795276635,38.97784264296139,87.21135730396709,0.7164654371765955,36948.38795276635,,,
28074007,2019,28074,,4.057691920964001,2.344450890942364,6.402142811906365,4391.56,0.7621,Urbano,4391.56,60.75,395.0,2614.3652461537654,7606.628006804978,4157.956,,,,36.66893148145222,38.6830365372562,86.55174048382764,0.7110465024412597,36668.93148145222,,,
28074007,2020,28074,,3.989446433333412,2.239565019363152,6.229011452696564,4420.54,0.66,Urbano,4420.54,56.3,376.4,2621.0324727649468,7332.231024414747,4185.397,,,,36.42851910378099,38.42941909017655,85.98428163295206,0.7063846709293928,36428.51910378099,,,
28074007,2021,28074,,0.4094056049760259,2.170856927108768,6.265061097565473,4343.0,-1.7539,Urbano,4343.0,55.82,391.6,2677.0539299751813,8084.854762944578,4111.988,,,,37.07885514640875,39.1154759749044,87.51930635591866,0.7189953238674491,37078.85514640875,,,
28074007,2022,28074,,3.983801695204505,2.028787900335628,6.012589595540133,4317.52,-0.5869,Urbano,4317.52,51.24,406.5,2702.142933676203,8757.982427943854,4087.854,,,,37.29776063430837,39.34640522875817,88.03600128576021,0.7232401157184186,37297.76063430837,,,
28074007,2023,28074,11.3,4.050925419764737,1.9443392439030576,5.995264663667795,4410.15,2.1456,Urbano,4410.15,56.84,378.6,2645.383263839719,8574.017255395589,4175.564,16.976,37.983,16.092,36.51430519497548,38.519917132142766,86.18676736684762,0.7080481472740147,36514.30519497548,0.351,0.029,0.38
28079004,2016,28079,,3.672338748933817,2.3854970684998102,6.057835817433628,5236.81,,Urbano,5236.81,65.91,380.5,155.09228912214374,473.9556366510496,69325.348,,,,13.912756145000175,17.101342235023967,71.38340650144794,0.7202560320652931,13912.756145000176,,,
28079004,2017,28079,,0.3818856205695121,2.422553288795891,6.241563170797075,5265.66,0.5509,Urbano,5265.66,66.42,402.0,154.37839559834003,469.28304001814655,69707.284,,,,13.836526199810807,17.00764157875903,70.99228679027615,0.7163096480940351,13836.526199810807,,,
28079004,2018,28079,,3.929414651298654,2.413166518675133,6.342581169973788,5332.42,1.2678,Urbano,5332.42,67.96,384.6,152.57990639505556,461.3583327076871,70591.015,,,,13.663306377806334,16.794722482994317,70.103532553561,0.7073421494638781,13663.306377806332,,,
28079004,2019,28079,,4.057691920964001,2.344450890942364,6.402142811906365,5403.21,1.3276,Urbano,5403.21,67.61,395.0,151.97392874616594,442.1758376743579,71528.159,,,,13.484293012578204,16.574682054519634,69.18505287303674,0.6980747221631989,13484.293012578204,,,
28079004,2020,28079,,3.989446433333412,2.239565019363152,6.229011452696564,5516.7,2.1005,Urbano,5516.7,63.36,376.4,150.21186123014456,420.2115313683567,73030.587,,,,13.206886314634168,16.23369808050427,67.76173783184845,0.68371352403343,13206.886314634168,,,
28079004,2021,28079,,0.4094056049760259,2.170856927108768,6.265061097565473,5468.2,-0.8793,Urbano,5468.2,62.91,391.6,152.06867049392994,459.2560131759831,72388.435,,,,13.324043506883266,16.3777058686855,68.36284658353826,0.6897786899529499,13324.043506883265,,,
28079004,2022,28079,,3.983801695204505,2.028787900335628,6.012589595540133,5427.46,-0.745,Urbano,5427.46,56.39,406.5,153.7383465283582,498.2851649393346,71849.126,,,,13.42405560625485,16.500639176879172,68.8759874932257,0.6949562634762078,13424.05560625485,,,
28079004,2023,28079,8.389,4.050925419764737,1.9443392439030576,5.995264663667795,5512.25,1.5622,Urbano,5512.25,59.09,378.6,151.37356000162063,490.6205967224234,72971.566,8.949,37.355,7.281,13.217568242830582,16.24682813956036,67.81654454409993,0.684266521810245,13217.568242830584,0.985,0.001,0.986
28079008,2016,28079,,3.672338748933817,2.3854970684998102,6.057835817433628,5236.81,,Urbano,5236.81,65.91,380.5,155.09228912214374,473.9556366510496,69325.348,,,,13.912756145000175,17.101342235023967,71.38340650144794,0.7202560320652931,13912.756145000176,,,
28079008,2017,28079,,0.3818856205695121,2.422553288795891,6.241563170797075,5265.66,0.5509,Urbano,5265.66,66.42,402.0,154.37839559834003,469.28304001814655,69707.284,,,,13.836526199810807,17.00764157875903,70.99228679027615,0.7163096480940351,13836.526199810807,,,
28079008,2018,28079,,3.929414651298654,2.413166518675133,6.342581169973788,5332.42,1.2678,Urbano,5332.42,67.96,384.6,152.57990639505556,461.3583327076871,70591.015,,,,13.663306377806334,16.794722482994317,70.103532553561,0.7073421494638781,13663.306377806332,,,
28079008,2019,28079,,4.057691920964001,2.344450890942364,6.402142811906365,5403.21,1.3276,Urbano,5403.21,67.61,395.0,151.97392874616594,442.1758376743579,71528.159,,,,13.484293012578204,16.574682054519634,69.18505287303674,0.6980747221631989,13484.293012578204,,,
28079008,2020,28079,,3.989446433333412,2.239565019363152,6.229011452696564,5516.7,2.1005,Urbano,5516.7,63.36,376.4,150.21186123014456,420.2115313683567,73030.587,,,,13.206886314634168,16.23369808050427,67.76173783184845,0.68371352403343,13206.886314634168,,,
28079008,2021,28079,,0.4094056049760259,2.170856927108768,6.265061097565473,5468.2,-0.8793,Urbano,5468.2,62.91,391.6,152.06867049392994,459.2560131759831,72388.435,,,,13.324043506883266,16.3777058686855,68.36284658353826,0.6897786899529499,13324.043506883265,,,
28079008,2022,28079,,3.983801695204505,2.028787900335628,6.012589595540133,5427.46,-0.745,Urbano,5427.46,56.39,406.5,153.7383465283582,498.2851649393346,71849.126,,,,13.42405560625485,16.500639176879172,68.8759874932257,0.6949562634762078,13424.05560625485,,,
28079008,2023,28079,8.389,4.050925419764737,1.9443392439030576,5.995264663667795,5512.25,1.5622,Urbano,5512.25,59.09,378.6,151.37356000162063,490.6205967224234,72971.566,8.949,37.355,7.281,13.217568242830582,16.24682813956036,67.81654454409993,0.684266521810245,13217.568242830584,0.985,0.001,0.986
28079011,2016,28079,,3.672338748933817,2.3854970684998102,6.057835817433628,5236.81,,Urbano,5236.81,65.91,380.5,155.09228912214374,473.9556366510496,69325.348,,,,13.912756145000175,17.101342235023967,71.38340650144794,0.7202560320652931,13912.756145000176,,,
28079011,2017,28079,,0.3818856205695121,2.422553288795891,6.241563170797075,5265.66,0.5509,Urbano,5265.66,66.42,402.0,154.37839559834003,469.28304001814655,69707.284,,,,13.836526199810807,17.00764157875903,70.99228679027615,0.7163096480940351,13836.526199810807,,,
28079011,2018,28079,,3.929414651298654,2.413166518675133,6.342581169973788,5332.42,1.2678,Urbano,5332.42,67.96,384.6,152.57990639505556,461.3583327076871,70591.015,,,,13.663306377806334,16.794722482994317,70.103532553561,0.7073421494638781,13663.306377806332,,,
28079011,2019,28079,,4.057691920964001,2.344450890942364,6.402142811906365,5403.21,1.3276,Urbano,5403.21,67.61,395.0,151.97392874616594,442.1758376743579,71528.159,,,,13.484293012578204,16.574682054519634,69.18505287303674,0.6980747221631989,13484.293012578204,,,
28079011,2020,28079,,3.989446433333412,2.239565019363152,6.229011452696564,5516.7,2.1005,Urbano,5516.7,63.36,376.4,150.21186123014456,420.2115313683567,73030.587,,,,13.206886314634168,16.23369808050427,67.76173783184845,0.68371352403343,13206.886314634168,,,
28079011,2021,28079,,0.4094056049760259,2.170856927108768,6.265061097565473,5468.2,-0.8793,Urbano,5468.2,62.91,391.6,152.06867049392994,459.2560131759831,72388.435,,,,13.324043506883266,16.3777058686855,68.36284658353826,0.6897786899529499,13324.043506883265,,,
28079011,2022,28079,,3.983801695204505,2.028787900335628,6.012589595540133,5427.46,-0.745,Urbano,5427.46,56.39,406.5,153.7383465283582,498.2851649393346,71849.126,,,,13.42405560625485,16.500639176879172,68.8759874932257,0.6949562634762078,13424.05560625485,,,
28079011,2023,28079,8.389,4.050925419764737,1.9443392439030576,5.995264663667795,5512.25,1.5622,Urbano,5512.25,59.09,378.6,151.37356000162063,490.6205967224234,72971.566,8.949,37.355,7.281,13.217568242830582,16.24682813956036,67.81654454409993,0.684266521810245,13217.568242830584,0.985,0.001,0.986
28079016,2016,28079,,3.672338748933817,2.3854970684998102,6.057835817433628,5236.81,,Urbano,5236.81,65.91,380.5,155.09228912214374,473.9556366510496,69325.348,,,,13.912756145000175,17.101342235023967,71.38340650144794,0.7202560320652931,13912.756145000176,,,
28079016,2017,28079,,0.3818856205695121,2.422553288795891,6.241563170797075,5265.66,0.5509,Urbano,5265.66,66.42,402.0,154.37839559834003,469.28304001814655,69707.284,,,,13.836526199810807,17.00764157875903,70.99228679027615,0.7163096480940351,13836.526199810807,,,
28079016,2018,28079,,3.929414651298654,2.413166518675133,6.342581169973788,5332.42,1.2678,Urbano,5332.42,67.96,384.6,152.57990639505556,461.3583327076871,70591.015,,,,13.663306377806334,16.794722482994317,70.103532553561,0.7073421494638781,13663.306377806332,,,
28079016,2019,28079,,4.057691920964001,2.344450890942364,6.402142811906365,5403.21,1.3276,Urbano,5403.21,67.61,395.0,151.97392874616594,442.1758376743579,71528.159,,,,13.484293012578204,16.574682054519634,69.18505287303674,0.6980747221631989,13484.293012578204,,,
28079016,2020,28079,,3.989446433333412,2.239565019363152,6.229011452696564,5516.7,2.1005,Urbano,5516.7,63.36,376.4,150.21186123014456,420.2115313683567,73030.587,,,,13.206886314634168,16.23369808050427,67.76173783184845,0.68371352403343,13206.886314634168,,,
28079016,2021,28079,,0.4094056049760259,2.170856927108768,6.265061097565473,5468.2,-0.8793,Urbano,5468.2,62.91,391.6,152.06867049392994,459.2560131759831,72388.435,,,,13.324043506883266,16.3777058686855,68.36284658353826,0.6897786899529499,13324.043506883265,,,
28079016,2022,28079,,3.983801695204505,2.028787900335628,6.012589595540133,5427.46,-0.745,Urbano,5427.46,56.39,406.5,153.7383465283582,498.2851649393346,71849.126,,,,13.42405560625485,16.500639176879172,68.8759874932257,0.6949562634762078,13424.05560625485,,,
28079016,2023,28079,8.389,4.050925419764737,1.9443392439030576,5.995264663667795,5512.25,1.5622,Urbano,5512.25,59.09,378.6,151.37356000162063,490.6205967224234,72971.566,8.949,37.355,7.281,13.217568242830582,16.24682813956036,67.81654454409993,0.684266521810245,13217.568242830584,0.985,0.001,0.986
28079017,2016,28079,,3.672338748933817,2.3854970684998102,6.057835817433628,5236.81,,Urbano,5236.81,65.91,380.5,155.09228912214374,473.9556366510496,69325.348,,,,13.912756145000175,17.101342235023967,71.38340650144794,0.7202560320652931,13912.756145000176,,,
28079017,2017,28079,,0.3818856205695121,2.422553288795891,6.241563170797075,5265.66,0.5509,Urbano,5265.66,66.42,402.0,154.37839559834003,469.28304001814655,69707.284,,,,13.836526199810807,17.00764157875903,70.99228679027615,0.7163096480940351,13836.526199810807,,,
28079017,2018,28079,,3.929414651298654,2.413166518675133,6.342581169973788,5332.42,1.2678,Urbano,5332.42,67.96,384.6,152.57990639505556,461.3583327076871,70591.015,,,,13.663306377806334,16.794722482994317,70.103532553561,0.7073421494638781,13663.306377806332,,,
28079017,2019,28079,,4.057691920964001,2.344450890942364,6.402142811906365,5403.21,1.3276,Urbano,5403.21,67.61,395.0,151.97392874616594,442.1758376743579,71528.159,,,,13.484293012578204,16.574682054519634,69.18505287303674,0.6980747221631989,13484.293012578204,,,
28079017,2020,28079,,3.989446433333412,2.239565019363152,6.229011452696564,5516.7,2.1005,Urbano,5516.7,63.36,376.4,150.21186123014456,420.2115313683567,73030.587,,,,13.206886314634168,16.23369808050427,67.76173783184845,0.68371352403343,13206.886314634168,,,
28079017,2021,28079,,0.4094056049760259,2.170856927108768,6.265061097565473,5468.2,-0.8793,Urbano,5468.2,62.91,391.6,152.06867049392994,459.2560131759831,72388.435,,,,13.324043506883266,16.3777058686855,68.36284658353826,0.6897786899529499,13324.043506883265,,,
28079017,2022,28079,,3.983801695204505,2.028787900335628,6.012589595540133,5427.46,-0.745,Urbano,5427.46,56.39,406.5,153.7383465283582,498.2851649393346,71849.126,,,,13.42405560625485,16.500639176879172,68.8759874932257,0.6949562634762078,13424.05560625485,,,
28079017,2023,28079,8.389,4.050925419764737,1.9443392439030576,5.995264663667795,5512.25,1.5622,Urbano,5512.25,59.09,378.6,151.37356000162063,490.6205967224234,72971.566,8.949,37.355,7.281,13.217568242830582,16.24682813956036,67.81654454409993,0.684266521810245,13217.568242830584,0.985,0.001,0.986
28079018,2016,28079,,3.672338748933817,2.3854970684998102,6.057835817433628,5236.81,,Urbano,5236.81,65.91,380.5,155.09228912214374,473.9556366510496,69325.348,,,,13.912756145000175,17.101342235023967,71.38340650144794,0.7202560320652931,13912.756145000176,,,
28079018,2017,28079,,0.3818856205695121,2.422553288795891,6.241563170797075,5265.66,0.5509,Urbano,5265.66,66.42,402.0,154.37839559834003,469.28304001814655,69707.284,,,,13.836526199810807,17.00764157875903,70.99228679027615,0.7163096480940351,13836.526199810807,,,
28079018,2018,28079,,3.929414651298654,2.413166518675133,6.342581169973788,5332.42,1.2678,Urbano,5332.42,67.96,384.6,152.57990639505556,461.3583327076871,70591.015,,,,13.663306377806334,16.794722482994317,70.103532553561,0.7073421494638781,13663.306377806332,,,
28079018,2019,28079,,4.057691920964001,2.344450890942364,6.402142811906365,5403.21,1.3276,Urbano,5403.21,67.61,395.0,151.97392874616594,442.1758376743579,71528.159,,,,13.484293012578204,16.574682054519634,69.18505287303674,0.6980747221631989,13484.293012578204,,,
28079018,2020,28079,,3.989446433333412,2.239565019363152,6.229011452696564,5516.7,2.1005,Urbano,5516.7,63.36,376.4,150.21186123014456,420.2115313683567,73030.587,,,,13.206886314634168,16.23369808050427,67.76173783184845,0.68371352403343,13206.886314634168,,,
28079018,2021,28079,,0.4094056049760259,2.170856927108768,6.265061097565473,5468.2,-0.8793,Urbano,5468.2,62.91,391.6,152.06867049392994,459.2560131759831,72388.435,,,,13.324043506883266,16.3777058686855,68.36284658353826,0.6897786899529499,13324.043506883265,,,
28079018,2022,28079,,3.983801695204505,2.028787900335628,6.012589595540133,5427.46,-0.745,Urbano,5427.46,56.39,406.5,153.7383465283582,498.2851649393346,71849.126,,,,13.42405560625485,16.500639176879172,68.8759874932257,0.6949562634762078,13424.05560625485,,,
28079018,2023,28079,8.389,4.050925419764737,1.9443392439030576,5.995264663667795,5512.25,1.5622,Urbano,5512.25,59.09,378.6,151.37356000162063,490.6205967224234,72971.566,8.949,37.355,7.281,13.217568242830582,16.24682813956036,67.81654454409993,0.684266521810245,13217.568242830584,0.985,0.001,0.986
28079024,2016,28079,,3.672338748933817,2.3854970684998102,6.057835817433628,5236.81,,Urbano,5236.81,65.91,380.5,155.09228912214374,473.9556366510496,69325.348,,,,13.912756145000175,17.101342235023967,71.38340650144794,0.7202560320652931,13912.756145000176,,,
28079024,2017,28079,,0.3818856205695121,2.422553288795891,6.241563170797075,5265.66,0.5509,Urbano,5265.66,66.42,402.0,154.37839559834003,469.28304001814655,69707.284,,,,13.836526199810807,17.00764157875903,70.99228679027615,0.7163096480940351,13836.526199810807,,,
28079024,2018,28079,,3.929414651298654,2.413166518675133,6.342581169973788,5332.42,1.2678,Urbano,5332.42,67.96,384.6,152.57990639505556,461.3583327076871,70591.015,,,,13.663306377806334,16.794722482994317,70.103532553561,0.7073421494638781,13663.306377806332,,,
28079024,2019,28079,,4.057691920964001,2.344450890942364,6.402142811906365,5403.21,1.3276,Urbano,5403.21,67.61,395.0,151.97392874616594,442.1758376743579,71528.159,,,,13.484293012578204,16.574682054519634,69.18505287303674,0.6980747221631989,13484.293012578204,,,
28079024,2020,28079,,3.989446433333412,2.239565019363152,6.229011452696564,5516.7,2.1005,Urbano,5516.7,63.36,376.4,150.21186123014456,420.2115313683567,73030.587,,,,13.206886314634168,16.23369808050427,67.76173783184845,0.68371352403343,13206.886314634168,,,
28079024,2021,28079,,0.4094056049760259,2.170856927108768,6.265061097565473,5468.2,-0.8793,Urbano,5468.2,62.91,391.6,152.06867049392994,459.2560131759831,72388.435,,,,13.324043506883266,16.3777058686855,68.36284658353826,0.6897786899529499,13324.043506883265,,,
28079024,2022,28079,,3.983801695204505,2.028787900335628,6.012589595540133,5427.46,-0.745,Urbano,5427.46,56.39,406.5,153.7383465283582,498.2851649393346,71849.126,,,,13.42405560625485,16.500639176879172,68.8759874932257,0.6949562634762078,13424.05560625485,,,
28079024,2023,28079,8.389,4.050925419764737,1.9443392439030576,5.995264663667795,5512.25,1.5622,Urbano,5512.25,59.09,378.6,151.37356000162063,490.6205967224234,72971.566,8.949,37.355,7.281,13.217568242830582,16.24682813956036,67.81654454409993,0.684266521810245,13217.568242830584,0.985,0.001,0.986
28079027,2016,28079,,3.672338748933817,2.3854970684998102,6.057835817433628,5236.81,,Urbano,5236.81,65.91,380.5,155.09228912214374,473.9556366510496,69325.348,,,,13.912756145000175,17.101342235023967,71.38340650144794,0.7202560320652931,13912.756145000176,,,
28079027,2017,28079,,0.3818856205695121,2.422553288795891,6.241563170797075,5265.66,0.5509,Urbano,5265.66,66.42,402.0,154.37839559834003,469.28304001814655,69707.284,,,,13.836526199810807,17.00764157875903,70.99228679027615,0.7163096480940351,13836.526199810807,,,
28079027,2018,28079,,3.929414651298654,2.413166518675133,6.342581169973788,5332.42,1.2678,Urbano,5332.42,67.96,384.6,152.57990639505556,461.3583327076871,70591.015,,,,13.663306377806334,16.794722482994317,70.103532553561,0.7073421494638781,13663.306377806332,,,
28079027,2019,28079,,4.057691920964001,2.344450890942364,6.402142811906365,5403.21,1.3276,Urbano,5403.21,67.61,395.0,151.97392874616594,442.1758376743579,71528.159,,,,13.484293012578204,16.574682054519634,69.18505287303674,0.6980747221631989,13484.293012578204,,,
28079027,2020,28079,,3.989446433333412,2.239565019363152,6.229011452696564,5516.7,2.1005,Urbano,5516.7,63.36,376.4,150.21186123014456,420.2115313683567,73030.587,,,,13.206886314634168,16.23369808050427,67.76173783184845,0.68371352403343,13206.886314634168,,,
28079027,2021,28079,,0.4094056049760259,2.170856927108768,6.265061097565473,5468.2,-0.8793,Urbano,5468.2,62.91,391.6,152.06867049392994,459.2560131759831,72388.435,,,,13.324043506883266,16.3777058686855,68.36284658353826,0.6897786899529499,13324.043506883265,,,
28079027,2022,28079,,3.983801695204505,2.028787900335628,6.012589595540133,5427.46,-0.745,Urbano,5427.46,56.39,406.5,153.7383465283582,498.2851649393346,71849.126,,,,13.42405560625485,16.500639176879172,68.8759874932257,0.6949562634762078,13424.05560625485,,,
28079027,2023,28079,8.389,4.050925419764737,1.9443392439030576,5.995264663667795,5512.25,1.5622,Urbano,5512.25,59.09,378.6,151.37356000162063,490.6205967224234,72971.566,8.949,37.355,7.281,13.217568242830582,16.24682813956036,67.81654454409993,0.684266521810245,13217.568242830584,0.985,0.001,0.986
28079035,2016,28079,,3.672338748933817,2.3854970684998102,6.057835817433628,5236.81,,Urbano,5236.81,65.91,380.5,155.09228912214374,473.9556366510496,69325.348,,,,13.912756145000175,17.101342235023967,71.38340650144794,0.7202560320652931,13912.756145000176,,,
28079035,2017,28079,,0.3818856205695121,2.422553288795891,6.241563170797075,5265.66,0.5509,Urbano,5265.66,66.42,402.0,154.37839559834003,469.28304001814655,69707.284,,,,13.836526199810807,17.00764157875903,70.99228679027615,0.7163096480940351,13836.526199810807,,,
28079035,2018,28079,,3.929414651298654,2.413166518675133,6.342581169973788,5332.42,1.2678,Urbano,5332.42,67.96,384.6,152.57990639505556,461.3583327076871,70591.015,,,,13.663306377806334,16.794722482994317,70.103532553561,0.7073421494638781,13663.306377806332,,,
28079035,2019,28079,,4.057691920964001,2.344450890942364,6.402142811906365,5403.21,1.3276,Urbano,5403.21,67.61,395.0,151.97392874616594,442.1758376743579,71528.159,,,,13.484293012578204,16.574682054519634,69.18505287303674,0.6980747221631989,13484.293012578204,,,
28079035,2020,28079,,3.989446433333412,2.239565019363152,6.229011452696564,5516.7,2.1005,Urbano,5516.7,63.36,376.4,150.21186123014456,420.2115313683567,73030.587,,,,13.206886314634168,16.23369808050427,67.76173783184845,0.68371352403343,13206.886314634168,,,
28079035,2021,28079,,0.4094056049760259,2.170856927108768,6.265061097565473,5468.2,-0.8793,Urbano,5468.2,62.91,391.6,152.06867049392994,459.2560131759831,72388.435,,,,13.324043506883266,16.3777058686855,68.36284658353826,0.6897786899529499,13324.043506883265,,,
28079035,2022,28079,,3.983801695204505,2.028787900335628,6.012589595540133,5427.46,-0.745,Urbano,5427.46,56.39,406.5,153.7383465283582,498.2851649393346,71849.126,,,,13.42405560625485,16.500639176879172,68.8759874932257,0.6949562634762078,13424.05560625485,,,
28079035,2023,28079,8.389,4.050925419764737,1.9443392439030576,5.995264663667795,5512.25,1.5622,Urbano,5512.25,59.09,378.6,151.37356000162063,490.6205967224234,72971.566,8.949,37.355,7.281,13.217568242830582,16.24682813956036,67.81654454409993,0.684266521810245,13217.568242830584,0.985,0.001,0.986
28079036,2016,28079,,3.672338748933817,2.3854970684998102,6.057835817433628,5236.81,,Urbano,5236.81,65.91,380.5,155.09228912214374,473.9556366510496,69325.348,,,,13.912756145000175,17.101342235023967,71.38340650144794,0.7202560320652931,13912.756145000176,,,
28079036,2017,28079,,0.3818856205695121,2.422553288795891,6.241563170797075,5265.66,0.5509,Urbano,5265.66,66.42,402.0,154.37839559834003,469.28304001814655,69707.284,,,,13.836526199810807,17.00764157875903,70.99228679027615,0.7163096480940351,13836.526199810807,,,
28079036,2018,28079,,3.929414651298654,2.413166518675133,6.342581169973788,5332.42,1.2678,Urbano,5332.42,67.96,384.6,152.57990639505556,461.3583327076871,70591.015,,,,13.663306377806334,16.794722482994317,70.103532553561,0.7073421494638781,13663.306377806332,,,
28079036,2019,28079,,4.057691920964001,2.344450890942364,6.402142811906365,5403.21,1.3276,Urbano,5403.21,67.61,395.0,151.97392874616594,442.1758376743579,71528.159,,,,13.484293012578204,16.574682054519634,69.18505287303674,0.6980747221631989,13484.293012578204,,,
28079036,2020,28079,,3.989446433333412,2.239565019363152,6.229011452696564,5516.7,2.1005,Urbano,5516.7,63.36,376.4,150.21186123014456,420.2115313683567,73030.587,,,,13.206886314634168,16.23369808050427,67.76173783184845,0.68371352403343,13206.886314634168,,,
28079036,2021,28079,,0.4094056049760259,2.170856927108768,6.265061097565473,5468.2,-0.8793,Urbano,5468.2,62.91,391.6,152.06867049392994,459.2560131759831,72388.435,,,,13.324043506883266,16.3777058686855,68.36284658353826,0.6897786899529499,13324.043506883265,,,
28079036,2022,28079,,3.983801695204505,2.028787900335628,6.012589595540133,5427.46,-0.745,Urbano,5427.46,56.39,406.5,153.7383465283582,498.2851649393346,71849.126,,,,13.42405560625485,16.500639176879172,68.8759874932257,0.6949562634762078,13424.05560625485,,,
28079036,2023,28079,8.389,4.050925419764737,1.9443392439030576,5.995264663667795,5512.25,1.5622,Urbano,5512.25,59.09,378.6,151.37356000162063,490.6205967224234,72971.566,8.949,37.355,7.281,13.217568242830582,16.24682813956036,67.81654454409993,0.684266521810245,13217.568242830584,0.985,0.001,0.986
28079038,2016,28079,,3.672338748933817,2.3854970684998102,6.057835817433628,5236.81,,Urbano,5236.81,65.91,380.5,155.09228912214374,473.9556366510496,69325.348,,,,13.912756145000175,17.101342235023967,71.38340650144794,0.7202560320652931,13912.756145000176,,,
28079038,2017,28079,,0.3818856205695121,2.422553288795891,6.241563170797075,5265.66,0.5509,Urbano,5265.66,66.42,402.0,154.37839559834003,469.28304001814655,69707.284,,,,13.836526199810807,17.00764157875903,70.99228679027615,0.7163096480940351,13836.526199810807,,,
28079038,2018,28079,,3.929414651298654,2.413166518675133,6.342581169973788,5332.42,1.2678,Urbano,5332.42,67.96,384.6,152.57990639505556,461.3583327076871,70591.015,,,,13.663306377806334,16.794722482994317,70.103532553561,0.7073421494638781,13663.306377806332,,,
28079038,2019,28079,,4.057691920964001,2.344450890942364,6.402142811906365,5403.21,1.3276,Urbano,5403.21,67.61,395.0,151.97392874616594,442.1758376743579,71528.159,,,,13.484293012578204,16.574682054519634,69.18505287303674,0.6980747221631989,13484.293012578204,,,
28079038,2020,28079,,3.989446433333412,2.239565019363152,6.229011452696564,5516.7,2.1005,Urbano,5516.7,63.36,376.4,150.21186123014456,420.2115313683567,73030.587,,,,13.206886314634168,16.23369808050427,67.76173783184845,0.68371352403343,13206.886314634168,,,
28079038,2021,28079,,0.4094056049760259,2.170856927108768,6.265061097565473,5468.2,-0.8793,Urbano,5468.2,62.91,391.6,152.06867049392994,459.2560131759831,72388.435,,,,13.324043506883266,16.3777058686855,68.36284658353826,0.6897786899529499,13324.043506883265,,,
28079038,2022,28079,,3.983801695204505,2.028787900335628,6.012589595540133,5427.46,-0.745,Urbano,5427.46,56.39,406.5,153.7383465283582,498.2851649393346,71849.126,,,,13.42405560625485,16.500639176879172,68.8759874932257,0.6949562634762078,13424.05560625485,,,
28079038,2023,28079,8.389,4.050925419764737,1.9443392439030576,5.995264663667795,5512.25,1.5622,Urbano,5512.25,59.09,378.6,151.37356000162063,490.6205967224234,72971.566,8.949,37.355,7.281,13.217568242830582,16.24682813956036,67.81654454409993,0.684266521810245,13217.568242830584,0.985,0.001,0.986
28079039,2016,28079,,3.672338748933817,2.3854970684998102,6.057835817433628,5236.81,,Urbano,5236.81,65.91,380.5,155.09228912214374,473.9556366510496,69325.348,,,,13.912756145000175,17.101342235023967,71.38340650144794,0.7202560320652931,13912.756145000176,,,
28079039,2017,28079,,0.3818856205695121,2.422553288795891,6.241563170797075,5265.66,0.5509,Urbano,5265.66,66.42,402.0,154.37839559834003,469.28304001814655,69707.284,,,,13.836526199810807,17.00764157875903,70.99228679027615,0.7163096480940351,13836.526199810807,,,
28079039,2018,28079,,3.929414651298654,2.413166518675133,6.342581169973788,5332.42,1.2678,Urbano,5332.42,67.96,384.6,152.57990639505556,461.3583327076871,70591.015,,,,13.663306377806334,16.794722482994317,70.103532553561,0.7073421494638781,13663.306377806332,,,
28079039,2019,28079,,4.057691920964001,2.344450890942364,6.402142811906365,5403.21,1.3276,Urbano,5403.21,67.61,395.0,151.97392874616594,442.1758376743579,71528.159,,,,13.484293012578204,16.574682054519634,69.18505287303674,0.6980747221631989,13484.293012578204,,,
28079039,2020,28079,,3.989446433333412,2.239565019363152,6.229011452696564,5516.7,2.1005,Urbano,5516.7,63.36,376.4,150.21186123014456,420.2115313683567,73030.587,,,,13.206886314634168,16.23369808050427,67.76173783184845,0.68371352403343,13206.886314634168,,,
28079039,2021,28079,,0.4094056049760259,2.170856927108768,6.265061097565473,5468.2,-0.8793,Urbano,5468.2,62.91,391.6,152.06867049392994,459.2560131759831,72388.435,,,,13.324043506883266,16.3777058686855,68.36284658353826,0.6897786899529499,13324.043506883265,,,
28079039,2022,28079,,3.983801695204505,2.028787900335628,6.012589595540133,5427.46,-0.745,Urbano,5427.46,56.39,406.5,153.7383465283582,498.2851649393346,71849.126,,,,13.42405560625485,16.500639176879172,68.8759874932257,0.6949562634762078,13424.05560625485,,,
28079039,2023,28079,8.389,4.050925419764737,1.9443392439030576,5.995264663667795,5512.25,1.5622,Urbano,5512.25,59.09,378.6,151.37356000162063,490.6205967224234,72971.566,8.949,37.355,7.281,13.217568242830582,16.24682813956036,67.81654454409993,0.684266521810245,13217.568242830584,0.985,0.001,0.986
28079040,2016,28079,,3.672338748933817,2.3854970684998102,6.057835817433628,5236.81,,Urbano,5236.81,65.91,380.5,155.09228912214374,473.9556366510496,69325.348,,,,13.912756145000175,17.101342235023967,71.38340650144794,0.7202560320652931,13912.756145000176,,,
28079040,2017,28079,,0.3818856205695121,2.422553288795891,6.241563170797075,5265.66,0.5509,Urbano,5265.66,66.42,402.0,154.37839559834003,469.28304001814655,69707.284,,,,13.836526199810807,17.00764157875903,70.99228679027615,0.7163096480940351,13836.526199810807,,,
28079040,2018,28079,,3.929414651298654,2.413166518675133,6.342581169973788,5332.42,1.2678,Urbano,5332.42,67.96,384.6,152.57990639505556,461.3583327076871,70591.015,,,,13.663306377806334,16.794722482994317,70.103532553561,0.7073421494638781,13663.306377806332,,,
28079040,2019,28079,,4.057691920964001,2.344450890942364,6.402142811906365,5403.21,1.3276,Urbano,5403.21,67.61,395.0,151.97392874616594,442.1758376743579,71528.159,,,,13.484293012578204,16.574682054519634,69.18505287303674,0.6980747221631989,13484.293012578204,,,
28079040,2020,28079,,3.989446433333412,2.239565019363152,6.229011452696564,5516.7,2.1005,Urbano,5516.7,63.36,376.4,150.21186123014456,420.2115313683567,73030.587,,,,13.206886314634168,16.23369808050427,67.76173783184845,0.68371352403343,13206.886314634168,,,
28079040,2021,28079,,0.4094056049760259,2.170856927108768,6.265061097565473,5468.2,-0.8793,Urbano,5468.2,62.91,391.6,152.06867049392994,459.2560131759831,72388.435,,,,13.324043506883266,16.3777058686855,68.36284658353826,0.6897786899529499,13324.043506883265,,,
28079040,2022,28079,,3.983801695204505,2.028787900335628,6.012589595540133,5427.46,-0.745,Urbano,5427.46,56.39,406.5,153.7383465283582,498.2851649393346,71849.126,,,,13.42405560625485,16.500639176879172,68.8759874932257,0.6949562634762078,13424.05560625485,,,
28079040,2023,28079,8.389,4.050925419764737,1.9443392439030576,5.995264663667795,5512.25,1.5622,Urbano,5512.25,59.09,378.6,151.37356000162063,490.6205967224234,72971.566,8.949,37.355,7.281,13.217568242830582,16.24682813956036,67.81654454409993,0.684266521810245,13217.568242830584,0.985,0.001,0.986
28079044,2016,28079,,3.672338748933817,2.3854970684998102,6.057835817433628,5236.81,,Urbano,5236.81,65.91,380.5,155.09228912214374,473.9556366510496,69325.348,,,,13.912756145000175,17.101342235023967,71.38340650144794,0.7202560320652931,13912.756145000176,,,
28079044,2017,28079,,0.3818856205695121,2.422553288795891,6.241563170797075,5265.66,0.5509,Urbano,5265.66,66.42,402.0,154.37839559834003,469.28304001814655,69707.284,,,,13.836526199810807,17.00764157875903,70.99228679027615,0.7163096480940351,13836.526199810807,,,
28079044,2018,28079,,3.929414651298654,2.413166518675133,6.342581169973788,5332.42,1.2678,Urbano,5332.42,67.96,384.6,152.57990639505556,461.3583327076871,70591.015,,,,13.663306377806334,16.794722482994317,70.103532553561,0.7073421494638781,13663.306377806332,,,
28079044,2019,28079,,4.057691920964001,2.344450890942364,6.402142811906365,5403.21,1.3276,Urbano,5403.21,67.61,395.0,151.97392874616594,442.1758376743579,71528.159,,,,13.484293012578204,16.574682054519634,69.18505287303674,0.6980747221631989,13484.293012578204,,,
28079044,2020,28079,,3.989446433333412,2.239565019363152,6.229011452696564,5516.7,2.1005,Urbano,5516.7,63.36,376.4,150.21186123014456,420.2115313683567,73030.587,,,,13.206886314634168,16.23369808050427,67.76173783184845,0.68371352403343,13206.886314634168,,,
28079044,2021,28079,,0.4094056049760259,2.170856927108768,6.265061097565473,5468.2,-0.8793,Urbano,5468.2,62.91,391.6,152.06867049392994,459.2560131759831,72388.435,,,,13.324043506883266,16.3777058686855,68.36284658353826,0.6897786899529499,13324.043506883265,,,
28079044,2022,28079,,3.983801695204505,2.028787900335628,6.012589595540133,5427.46,-0.745,Urbano,5427.46,56.39,406.5,153.7383465283582,498.2851649393346,71849.126,,,,13.42405560625485,16.500639176879172,68.8759874932257,0.6949562634762078,13424.05560625485,,,
28079044,2023,28079,8.389,4.050925419764737,1.9443392439030576,5.995264663667795,5512.25,1.5622,Urbano,5512.25,59.09,378.6,151.37356000162063,490.6205967224234,72971.566,8.949,37.355,7.281,13.217568242830582,16.24682813956036,67.81654454409993,0.684266521810245,13217.568242830584,0.985,0.001,0.986
28079045,2016,28079,,3.672338748933817,2.3854970684998102,6.057835817433628,5236.81,,Urbano,5236.81,65.91,380.5,155.09228912214374,473.9556366510496,69325.348,,,,13.912756145000175,17.101342235023967,71.38340650144794,0.7202560320652931,13912.756145000176,,,
28079045,2017,28079,,0.3818856205695121,2.422553288795891,6.241563170797075,5265.66,0.5509,Urbano,5265.66,66.42,402.0,154.37839559834003,469.28304001814655,69707.284,,,,13.836526199810807,17.00764157875903,70.99228679027615,0.7163096480940351,13836.526199810807,,,
28079045,2018,28079,,3.929414651298654,2.413166518675133,6.342581169973788,5332.42,1.2678,Urbano,5332.42,67.96,384.6,152.57990639505556,461.3583327076871,70591.015,,,,13.663306377806334,16.794722482994317,70.103532553561,0.7073421494638781,13663.306377806332,,,
28079045,2019,28079,,4.057691920964001,2.344450890942364,6.402142811906365,5403.21,1.3276,Urbano,5403.21,67.61,395.0,151.97392874616594,442.1758376743579,71528.159,,,,13.484293012578204,16.574682054519634,69.18505287303674,0.6980747221631989,13484.293012578204,,,
28079045,2020,28079,,3.989446433333412,2.239565019363152,6.229011452696564,5516.7,2.1005,Urbano,5516.7,63.36,376.4,150.21186123014456,420.2115313683567,73030.587,,,,13.206886314634168,16.23369808050427,67.76173783184845,0.68371352403343,13206.886314634168,,,
28079045,2021,28079,,0.4094056049760259,2.170856927108768,6.265061097565473,5468.2,-0.8793,Urbano,5468.2,62.91,391.6,152.06867049392994,459.2560131759831,72388.435,,,,13.324043506883266,16.3777058686855,68.36284658353826,0.6897786899529499,13324.043506883265,,,
28079045,2022,28079,,3.983801695204505,2.028787900335628,6.012589595540133,5427.46,-0.745,Urbano,5427.46,56.39,406.5,153.7383465283582,498.2851649393346,71849.126,,,,13.42405560625485,16.500639176879172,68.8759874932257,0.6949562634762078,13424.05560625485,,,
28079045,2023,28079,8.389,4.050925419764737,1.9443392439030576,5.995264663667795,5512.25,1.5622,Urbano,5512.25,59.09,378.6,151.37356000162063,490.6205967224234,72971.566,8.949,37.355,7.281,13.217568242830582,16.24682813956036,67.81654454409993,0.684266521810245,13217.568242830584,0.985,0.001,0.986
28079047,2016,28079,,3.672338748933817,2.3854970684998102,6.057835817433628,5236.81,,Urbano,5236.81,65.91,380.5,155.09228912214374,473.9556366510496,69325.348,,,,13.912756145000175,17.101342235023967,71.38340650144794,0.7202560320652931,13912.756145000176,,,
28079047,2017,28079,,0.3818856205695121,2.422553288795891,6.241563170797075,5265.66,0.5509,Urbano,5265.66,66.42,402.0,154.37839559834003,469.28304001814655,69707.284,,,,13.836526199810807,17.00764157875903,70.99228679027615,0.7163096480940351,13836.526199810807,,,
28079047,2018,28079,,3.929414651298654,2.413166518675133,6.342581169973788,5332.42,1.2678,Urbano,5332.42,67.96,384.6,152.57990639505556,461.3583327076871,70591.015,,,,13.663306377806334,16.794722482994317,70.103532553561,0.7073421494638781,13663.306377806332,,,
28079047,2019,28079,,4.057691920964001,2.344450890942364,6.402142811906365,5403.21,1.3276,Urbano,5403.21,67.61,395.0,151.97392874616594,442.1758376743579,71528.159,,,,13.484293012578204,16.574682054519634,69.18505287303674,0.6980747221631989,13484.293012578204,,,
28079047,2020,28079,,3.989446433333412,2.239565019363152,6.229011452696564,5516.7,2.1005,Urbano,5516.7,63.36,376.4,150.21186123014456,420.2115313683567,73030.587,,,,13.206886314634168,16.23369808050427,67.76173783184845,0.68371352403343,13206.886314634168,,,
28079047,2021,28079,,0.4094056049760259,2.170856927108768,6.265061097565473,5468.2,-0.8793,Urbano,5468.2,62.91,391.6,152.06867049392994,459.2560131759831,72388.435,,,,13.324043506883266,16.3777058686855,68.36284658353826,0.6897786899529499,13324.043506883265,,,
28079047,2022,28079,,3.983801695204505,2.028787900335628,6.012589595540133,5427.46,-0.745,Urbano,5427.46,56.39,406.5,153.7383465283582,498.2851649393346,71849.126,,,,13.42405560625485,16.500639176879172,68.8759874932257,0.6949562634762078,13424.05560625485,,,
28079047,2023,28079,8.389,4.050925419764737,1.9443392439030576,5.995264663667795,5512.25,1.5622,Urbano,5512.25,59.09,378.6,151.37356000162063,490.6205967224234,72971.566,8.949,37.355,7.281,13.217568242830582,16.24682813956036,67.81654454409993,0.684266521810245,13217.568242830584,0.985,0.001,0.986
28079048,2016,28079,,3.672338748933817,2.3854970684998102,6.057835817433628,5236.81,,Urbano,5236.81,65.91,380.5,155.09228912214374,473.9556366510496,69325.348,,,,13.912756145000175,17.101342235023967,71.38340650144794,0.7202560320652931,13912.756145000176,,,
28079048,2017,28079,,0.3818856205695121,2.422553288795891,6.241563170797075,5265.66,0.5509,Urbano,5265.66,66.42,402.0,154.37839559834003,469.28304001814655,69707.284,,,,13.836526199810807,17.00764157875903,70.99228679027615,0.7163096480940351,13836.526199810807,,,
28079048,2018,28079,,3.929414651298654,2.413166518675133,6.342581169973788,5332.42,1.2678,Urbano,5332.42,67.96,384.6,152.57990639505556,461.3583327076871,70591.015,,,,13.663306377806334,16.794722482994317,70.103532553561,0.7073421494638781,13663.306377806332,,,
28079048,2019,28079,,4.057691920964001,2.344450890942364,6.402142811906365,5403.21,1.3276,Urbano,5403.21,67.61,395.0,151.97392874616594,442.1758376743579,71528.159,,,,13.484293012578204,16.574682054519634,69.18505287303674,0.6980747221631989,13484.293012578204,,,
28079048,2020,28079,,3.989446433333412,2.239565019363152,6.229011452696564,5516.7,2.1005,Urbano,5516.7,63.36,376.4,150.21186123014456,420.2115313683567,73030.587,,,,13.206886314634168,16.23369808050427,67.76173783184845,0.68371352403343,13206.886314634168,,,
28079048,2021,28079,,0.4094056049760259,2.170856927108768,6.265061097565473,5468.2,-0.8793,Urbano,5468.2,62.91,391.6,152.06867049392994,459.2560131759831,72388.435,,,,13.324043506883266,16.3777058686855,68.36284658353826,0.6897786899529499,13324.043506883265,,,
28079048,2022,28079,,3.983801695204505,2.028787900335628,6.012589595540133,5427.46,-0.745,Urbano,5427.46,56.39,406.5,153.7383465283582,498.2851649393346,71849.126,,,,13.42405560625485,16.500639176879172,68.8759874932257,0.6949562634762078,13424.05560625485,,,
28079048,2023,28079,8.389,4.050925419764737,1.9443392439030576,5.995264663667795,5512.25,1.5622,Urbano,5512.25,59.09,378.6,151.37356000162063,490.6205967224234,72971.566,8.949,37.355,7.281,13.217568242830582,16.24682813956036,67.81654454409993,0.684266521810245,13217.568242830584,0.985,0.001,0.986
28079049,2016,28079,,3.672338748933817,2.3854970684998102,6.057835817433628,5236.81,,Urbano,5236.81,65.91,380.5,155.09228912214374,473.9556366510496,69325.348,,,,13.912756145000175,17.101342235023967,71.38340650144794,0.7202560320652931,13912.756145000176,,,
28079049,2017,28079,,0.3818856205695121,2.422553288795891,6.241563170797075,5265.66,0.5509,Urbano,5265.66,66.42,402.0,154.37839559834003,469.28304001814655,69707.284,,,,13.836526199810807,17.00764157875903,70.99228679027615,0.7163096480940351,13836.526199810807,,,
28079049,2018,28079,,3.929414651298654,2.413166518675133,6.342581169973788,5332.42,1.2678,Urbano,5332.42,67.96,384.6,152.57990639505556,461.3583327076871,70591.015,,,,13.663306377806334,16.794722482994317,70.103532553561,0.7073421494638781,13663.306377806332,,,
28079049,2019,28079,,4.057691920964001,2.344450890942364,6.402142811906365,5403.21,1.3276,Urbano,5403.21,67.61,395.0,151.97392874616594,442.1758376743579,71528.159,,,,13.484293012578204,16.574682054519634,69.18505287303674,0.6980747221631989,13484.293012578204,,,
28079049,2020,28079,,3.989446433333412,2.239565019363152,6.229011452696564,5516.7,2.1005,Urbano,5516.7,63.36,376.4,150.21186123014456,420.2115313683567,73030.587,,,,13.206886314634168,16.23369808050427,67.76173783184845,0.68371352403343,13206.886314634168,,,
28079049,2021,28079,,0.4094056049760259,2.170856927108768,6.265061097565473,5468.2,-0.8793,Urbano,5468.2,62.91,391.6,152.06867049392994,459.2560131759831,72388.435,,,,13.324043506883266,16.3777058686855,68.36284658353826,0.6897786899529499,13324.043506883265,,,
28079049,2022,28079,,3.983801695204505,2.028787900335628,6.012589595540133,5427.46,-0.745,Urbano,5427.46,56.39,406.5,153.7383465283582,498.2851649393346,71849.126,,,,13.42405560625485,16.500639176879172,68.8759874932257,0.6949562634762078,13424.05560625485,,,
28079049,2023,28079,8.389,4.050925419764737,1.9443392439030576,5.995264663667795,5512.25,1.5622,Urbano,5512.25,59.09,378.6,151.37356000162063,490.6205967224234,72971.566,8.949,37.355,7.281,13.217568242830582,16.24682813956036,67.81654454409993,0.684266521810245,13217.568242830584,0.985,0.001,0.986
28079050,2016,28079,,3.672338748933817,2.3854970684998102,6.057835817433628,5236.81,,Urbano,5236.81,65.91,380.5,155.09228912214374,473.9556366510496,69325.348,,,,13.912756145000175,17.101342235023967,71.38340650144794,0.7202560320652931,13912.756145000176,,,
28079050,2017,28079,,0.3818856205695121,2.422553288795891,6.241563170797075,5265.66,0.5509,Urbano,5265.66,66.42,402.0,154.37839559834003,469.28304001814655,69707.284,,,,13.836526199810807,17.00764157875903,70.99228679027615,0.7163096480940351,13836.526199810807,,,
28079050,2018,28079,,3.929414651298654,2.413166518675133,6.342581169973788,5332.42,1.2678,Urbano,5332.42,67.96,384.6,152.57990639505556,461.3583327076871,70591.015,,,,13.663306377806334,16.794722482994317,70.103532553561,0.7073421494638781,13663.306377806332,,,
28079050,2019,28079,,4.057691920964001,2.344450890942364,6.402142811906365,5403.21,1.3276,Urbano,5403.21,67.61,395.0,151.97392874616594,442.1758376743579,71528.159,,,,13.484293012578204,16.574682054519634,69.18505287303674,0.6980747221631989,13484.293012578204,,,
28079050,2020,28079,,3.989446433333412,2.239565019363152,6.229011452696564,5516.7,2.1005,Urbano,5516.7,63.36,376.4,150.21186123014456,420.2115313683567,73030.587,,,,13.206886314634168,16.23369808050427,67.76173783184845,0.68371352403343,13206.886314634168,,,
28079050,2021,28079,,0.4094056049760259,2.170856927108768,6.265061097565473,5468.2,-0.8793,Urbano,5468.2,62.91,391.6,152.06867049392994,459.2560131759831,72388.435,,,,13.324043506883266,16.3777058686855,68.36284658353826,0.6897786899529499,13324.043506883265,,,
28079050,2022,28079,,3.983801695204505,2.028787900335628,6.012589595540133,5427.46,-0.745,Urbano,5427.46,56.39,406.5,153.7383465283582,498.2851649393346,71849.126,,,,13.42405560625485,16.500639176879172,68.8759874932257,0.6949562634762078,13424.05560625485,,,
28079050,2023,28079,8.389,4.050925419764737,1.9443392439030576,5.995264663667795,5512.25,1.5622,Urbano,5512.25,59.09,378.6,151.37356000162063,490.6205967224234,72971.566,8.949,37.355,7.281,13.217568242830582,16.24682813956036,67.81654454409993,0.684266521810245,13217.568242830584,0.985,0.001,0.986
28079054,2016,28079,,3.672338748933817,2.3854970684998102,6.057835817433628,5236.81,,Urbano,5236.81,65.91,380.5,155.09228912214374,473.9556366510496,69325.348,,,,13.912756145000175,17.101342235023967,71.38340650144794,0.7202560320652931,13912.756145000176,,,
28079054,2017,28079,,0.3818856205695121,2.422553288795891,6.241563170797075,5265.66,0.5509,Urbano,5265.66,66.42,402.0,154.37839559834003,469.28304001814655,69707.284,,,,13.836526199810807,17.00764157875903,70.99228679027615,0.7163096480940351,13836.526199810807,,,
28079054,2018,28079,,3.929414651298654,2.413166518675133,6.342581169973788,5332.42,1.2678,Urbano,5332.42,67.96,384.6,152.57990639505556,461.3583327076871,70591.015,,,,13.663306377806334,16.794722482994317,70.103532553561,0.7073421494638781,13663.306377806332,,,
28079054,2019,28079,,4.057691920964001,2.344450890942364,6.402142811906365,5403.21,1.3276,Urbano,5403.21,67.61,395.0,151.97392874616594,442.1758376743579,71528.159,,,,13.484293012578204,16.574682054519634,69.18505287303674,0.6980747221631989,13484.293012578204,,,
28079054,2020,28079,,3.989446433333412,2.239565019363152,6.229011452696564,5516.7,2.1005,Urbano,5516.7,63.36,376.4,150.21186123014456,420.2115313683567,73030.587,,,,13.206886314634168,16.23369808050427,67.76173783184845,0.68371352403343,13206.886314634168,,,
28079054,2021,28079,,0.4094056049760259,2.170856927108768,6.265061097565473,5468.2,-0.8793,Urbano,5468.2,62.91,391.6,152.06867049392994,459.2560131759831,72388.435,,,,13.324043506883266,16.3777058686855,68.36284658353826,0.6897786899529499,13324.043506883265,,,
28079054,2022,28079,,3.983801695204505,2.028787900335628,6.012589595540133,5427.46,-0.745,Urbano,5427.46,56.39,406.5,153.7383465283582,498.2851649393346,71849.126,,,,13.42405560625485,16.500639176879172,68.8759874932257,0.6949562634762078,13424.05560625485,,,
28079054,2023,28079,8.389,4.050925419764737,1.9443392439030576,5.995264663667795,5512.25,1.5622,Urbano,5512.25,59.09,378.6,151.37356000162063,490.6205967224234,72971.566,8.949,37.355,7.281,13.217568242830582,16.24682813956036,67.81654454409993,0.684266521810245,13217.568242830584,0.985,0.001,0.986
28079055,2016,28079,,3.672338748933817,2.3854970684998102,6.057835817433628,5236.81,,Urbano,5236.81,65.91,380.5,155.09228912214374,473.9556366510496,69325.348,,,,13.912756145000175,17.101342235023967,71.38340650144794,0.7202560320652931,13912.756145000176,,,
28079055,2017,28079,,0.3818856205695121,2.422553288795891,6.241563170797075,5265.66,0.5509,Urbano,5265.66,66.42,402.0,154.37839559834003,469.28304001814655,69707.284,,,,13.836526199810807,17.00764157875903,70.99228679027615,0.7163096480940351,13836.526199810807,,,
28079055,2018,28079,,3.929414651298654,2.413166518675133,6.342581169973788,5332.42,1.2678,Urbano,5332.42,67.96,384.6,152.57990639505556,461.3583327076871,70591.015,,,,13.663306377806334,16.794722482994317,70.103532553561,0.7073421494638781,13663.306377806332,,,
28079055,2019,28079,,4.057691920964001,2.344450890942364,6.402142811906365,5403.21,1.3276,Urbano,5403.21,67.61,395.0,151.97392874616594,442.1758376743579,71528.159,,,,13.484293012578204,16.574682054519634,69.18505287303674,0.6980747221631989,13484.293012578204,,,
28079055,2020,28079,,3.989446433333412,2.239565019363152,6.229011452696564,5516.7,2.1005,Urbano,5516.7,63.36,376.4,150.21186123014456,420.2115313683567,73030.587,,,,13.206886314634168,16.23369808050427,67.76173783184845,0.68371352403343,13206.886314634168,,,
28079055,2021,28079,,0.4094056049760259,2.170856927108768,6.265061097565473,5468.2,-0.8793,Urbano,5468.2,62.91,391.6,152.06867049392994,459.2560131759831,72388.435,,,,13.324043506883266,16.3777058686855,68.36284658353826,0.6897786899529499,13324.043506883265,,,
28079055,2022,28079,,3.983801695204505,2.028787900335628,6.012589595540133,5427.46,-0.745,Urbano,5427.46,56.39,406.5,153.7383465283582,498.2851649393346,71849.126,,,,13.42405560625485,16.500639176879172,68.8759874932257,0.6949562634762078,13424.05560625485,,,
28079055,2023,28079,8.389,4.050925419764737,1.9443392439030576,5.995264663667795,5512.25,1.5622,Urbano,5512.25,59.09,378.6,151.37356000162063,490.6205967224234,72971.566,8.949,37.355,7.281,13.217568242830582,16.24682813956036,67.81654454409993,0.684266521810245,13217.568242830584,0.985,0.001,0.986
28079056,2016,28079,,3.672338748933817,2.3854970684998102,6.057835817433628,5236.81,,Urbano,5236.81,65.91,380.5,155.09228912214374,473.9556366510496,69325.348,,,,13.912756145000175,17.101342235023967,71.38340650144794,0.7202560320652931,13912.756145000176,,,
28079056,2017,28079,,0.3818856205695121,2.422553288795891,6.241563170797075,5265.66,0.5509,Urbano,5265.66,66.42,402.0,154.37839559834003,469.28304001814655,69707.284,,,,13.836526199810807,17.00764157875903,70.99228679027615,0.7163096480940351,13836.526199810807,,,
28079056,2018,28079,,3.929414651298654,2.413166518675133,6.342581169973788,5332.42,1.2678,Urbano,5332.42,67.96,384.6,152.57990639505556,461.3583327076871,70591.015,,,,13.663306377806334,16.794722482994317,70.103532553561,0.7073421494638781,13663.306377806332,,,
28079056,2019,28079,,4.057691920964001,2.344450890942364,6.402142811906365,5403.21,1.3276,Urbano,5403.21,67.61,395.0,151.97392874616594,442.1758376743579,71528.159,,,,13.484293012578204,16.574682054519634,69.18505287303674,0.6980747221631989,13484.293012578204,,,
28079056,2020,28079,,3.989446433333412,2.239565019363152,6.229011452696564,5516.7,2.1005,Urbano,5516.7,63.36,376.4,150.21186123014456,420.2115313683567,73030.587,,,,13.206886314634168,16.23369808050427,67.76173783184845,0.68371352403343,13206.886314634168,,,
28079056,2021,28079,,0.4094056049760259,2.170856927108768,6.265061097565473,5468.2,-0.8793,Urbano,5468.2,62.91,391.6,152.06867049392994,459.2560131759831,72388.435,,,,13.324043506883266,16.3777058686855,68.36284658353826,0.6897786899529499,13324.043506883265,,,
28079056,2022,28079,,3.983801695204505,2.028787900335628,6.012589595540133,5427.46,-0.745,Urbano,5427.46,56.39,406.5,153.7383465283582,498.2851649393346,71849.126,,,,13.42405560625485,16.500639176879172,68.8759874932257,0.6949562634762078,13424.05560625485,,,
28079056,2023,28079,8.389,4.050925419764737,1.9443392439030576,5.995264663667795,5512.25,1.5622,Urbano,5512.25,59.09,378.6,151.37356000162063,490.6205967224234,72971.566,8.949,37.355,7.281,13.217568242830582,16.24682813956036,67.81654454409993,0.684266521810245,13217.568242830584,0.985,0.001,0.986
28079057,2016,28079,,3.672338748933817,2.3854970684998102,6.057835817433628,5236.81,,Urbano,5236.81,65.91,380.5,155.09228912214374,473.9556366510496,69325.348,,,,13.912756145000175,17.101342235023967,71.38340650144794,0.7202560320652931,13912.756145000176,,,
28079057,2017,28079,,0.3818856205695121,2.422553288795891,6.241563170797075,5265.66,0.5509,Urbano,5265.66,66.42,402.0,154.37839559834003,469.28304001814655,69707.284,,,,13.836526199810807,17.00764157875903,70.99228679027615,0.7163096480940351,13836.526199810807,,,
28079057,2018,28079,,3.929414651298654,2.413166518675133,6.342581169973788,5332.42,1.2678,Urbano,5332.42,67.96,384.6,152.57990639505556,461.3583327076871,70591.015,,,,13.663306377806334,16.794722482994317,70.103532553561,0.7073421494638781,13663.306377806332,,,
28079057,2019,28079,,4.057691920964001,2.344450890942364,6.402142811906365,5403.21,1.3276,Urbano,5403.21,67.61,395.0,151.97392874616594,442.1758376743579,71528.159,,,,13.484293012578204,16.574682054519634,69.18505287303674,0.6980747221631989,13484.293012578204,,,
28079057,2020,28079,,3.989446433333412,2.239565019363152,6.229011452696564,5516.7,2.1005,Urbano,5516.7,63.36,376.4,150.21186123014456,420.2115313683567,73030.587,,,,13.206886314634168,16.23369808050427,67.76173783184845,0.68371352403343,13206.886314634168,,,
28079057,2021,28079,,0.4094056049760259,2.170856927108768,6.265061097565473,5468.2,-0.8793,Urbano,5468.2,62.91,391.6,152.06867049392994,459.2560131759831,72388.435,,,,13.324043506883266,16.3777058686855,68.36284658353826,0.6897786899529499,13324.043506883265,,,
28079057,2022,28079,,3.983801695204505,2.028787900335628,6.012589595540133,5427.46,-0.745,Urbano,5427.46,56.39,406.5,153.7383465283582,498.2851649393346,71849.126,,,,13.42405560625485,16.500639176879172,68.8759874932257,0.6949562634762078,13424.05560625485,,,
28079057,2023,28079,8.389,4.050925419764737,1.9443392439030576,5.995264663667795,5512.25,1.5622,Urbano,5512.25,59.09,378.6,151.37356000162063,490.6205967224234,72971.566,8.949,37.355,7.281,13.217568242830582,16.24682813956036,67.81654454409993,0.684266521810245,13217.568242830584,0.985,0.001,0.986
28079058,2016,28079,,3.672338748933817,2.3854970684998102,6.057835817433628,5236.81,,Urbano,5236.81,65.91,380.5,155.09228912214374,473.9556366510496,69325.348,,,,13.912756145000175,17.101342235023967,71.38340650144794,0.7202560320652931,13912.756145000176,,,
28079058,2017,28079,,0.3818856205695121,2.422553288795891,6.241563170797075,5265.66,0.5509,Urbano,5265.66,66.42,402.0,154.37839559834003,469.28304001814655,69707.284,,,,13.836526199810807,17.00764157875903,70.99228679027615,0.7163096480940351,13836.526199810807,,,
28079058,2018,28079,,3.929414651298654,2.413166518675133,6.342581169973788,5332.42,1.2678,Urbano,5332.42,67.96,384.6,152.57990639505556,461.3583327076871,70591.015,,,,13.663306377806334,16.794722482994317,70.103532553561,0.7073421494638781,13663.306377806332,,,
28079058,2019,28079,,4.057691920964001,2.344450890942364,6.402142811906365,5403.21,1.3276,Urbano,5403.21,67.61,395.0,151.97392874616594,442.1758376743579,71528.159,,,,13.484293012578204,16.574682054519634,69.18505287303674,0.6980747221631989,13484.293012578204,,,
28079058,2020,28079,,3.989446433333412,2.239565019363152,6.229011452696564,5516.7,2.1005,Urbano,5516.7,63.36,376.4,150.21186123014456,420.2115313683567,73030.587,,,,13.206886314634168,16.23369808050427,67.76173783184845,0.68371352403343,13206.886314634168,,,
28079058,2021,28079,,0.4094056049760259,2.170856927108768,6.265061097565473,5468.2,-0.8793,Urbano,5468.2,62.91,391.6,152.06867049392994,459.2560131759831,72388.435,,,,13.324043506883266,16.3777058686855,68.36284658353826,0.6897786899529499,13324.043506883265,,,
28079058,2022,28079,,3.983801695204505,2.028787900335628,6.012589595540133,5427.46,-0.745,Urbano,5427.46,56.39,406.5,153.7383465283582,498.2851649393346,71849.126,,,,13.42405560625485,16.500639176879172,68.8759874932257,0.6949562634762078,13424.05560625485,,,
28079058,2023,28079,8.389,4.050925419764737,1.9443392439030576,5.995264663667795,5512.25,1.5622,Urbano,5512.25,59.09,378.6,151.37356000162063,490.6205967224234,72971.566,8.949,37.355,7.281,13.217568242830582,16.24682813956036,67.81654454409993,0.684266521810245,13217.568242830584,0.985,0.001,0.986
28079059,2016,28079,,3.672338748933817,2.3854970684998102,6.057835817433628,5236.81,,Urbano,5236.81,65.91,380.5,155.09228912214374,473.9556366510496,69325.348,,,,13.912756145000175,17.101342235023967,71.38340650144794,0.7202560320652931,13912.756145000176,,,
28079059,2017,28079,,0.3818856205695121,2.422553288795891,6.241563170797075,5265.66,0.5509,Urbano,5265.66,66.42,402.0,154.37839559834003,469.28304001814655,69707.284,,,,13.836526199810807,17.00764157875903,70.99228679027615,0.7163096480940351,13836.526199810807,,,
28079059,2018,28079,,3.929414651298654,2.413166518675133,6.342581169973788,5332.42,1.2678,Urbano,5332.42,67.96,384.6,152.57990639505556,461.3583327076871,70591.015,,,,13.663306377806334,16.794722482994317,70.103532553561,0.7073421494638781,13663.306377806332,,,
28079059,2019,28079,,4.057691920964001,2.344450890942364,6.402142811906365,5403.21,1.3276,Urbano,5403.21,67.61,395.0,151.97392874616594,442.1758376743579,71528.159,,,,13.484293012578204,16.574682054519634,69.18505287303674,0.6980747221631989,13484.293012578204,,,
28079059,2020,28079,,3.989446433333412,2.239565019363152,6.229011452696564,5516.7,2.1005,Urbano,5516.7,63.36,376.4,150.21186123014456,420.2115313683567,73030.587,,,,13.206886314634168,16.23369808050427,67.76173783184845,0.68371352403343,13206.886314634168,,,
28079059,2021,28079,,0.4094056049760259,2.170856927108768,6.265061097565473,5468.2,-0.8793,Urbano,5468.2,62.91,391.6,152.06867049392994,459.2560131759831,72388.435,,,,13.324043506883266,16.3777058686855,68.36284658353826,0.6897786899529499,13324.043506883265,,,
28079059,2022,28079,,3.983801695204505,2.028787900335628,6.012589595540133,5427.46,-0.745,Urbano,5427.46,56.39,406.5,153.7383465283582,498.2851649393346,71849.126,,,,13.42405560625485,16.500639176879172,68.8759874932257,0.6949562634762078,13424.05560625485,,,
28079059,2023,28079,8.389,4.050925419764737,1.9443392439030576,5.995264663667795,5512.25,1.5622,Urbano,5512.25,59.09,378.6,151.37356000162063,490.6205967224234,72971.566,8.949,37.355,7.281,13.217568242830582,16.24682813956036,67.81654454409993,0.684266521810245,13217.568242830584,0.985,0.001,0.986
28079060,2016,28079,,3.672338748933817,2.3854970684998102,6.057835817433628,5236.81,,Urbano,5236.81,65.91,380.5,155.09228912214374,473.9556366510496,69325.348,,,,13.912756145000175,17.101342235023967,71.38340650144794,0.7202560320652931,13912.756145000176,,,
28079060,2017,28079,,0.3818856205695121,2.422553288795891,6.241563170797075,5265.66,0.5509,Urbano,5265.66,66.42,402.0,154.37839559834003,469.28304001814655,69707.284,,,,13.836526199810807,17.00764157875903,70.99228679027615,0.7163096480940351,13836.526199810807,,,
28079060,2018,28079,,3.929414651298654,2.413166518675133,6.342581169973788,5332.42,1.2678,Urbano,5332.42,67.96,384.6,152.57990639505556,461.3583327076871,70591.015,,,,13.663306377806334,16.794722482994317,70.103532553561,0.7073421494638781,13663.306377806332,,,
28079060,2019,28079,,4.057691920964001,2.344450890942364,6.402142811906365,5403.21,1.3276,Urbano,5403.21,67.61,395.0,151.97392874616594,442.1758376743579,71528.159,,,,13.484293012578204,16.574682054519634,69.18505287303674,0.6980747221631989,13484.293012578204,,,
28079060,2020,28079,,3.989446433333412,2.239565019363152,6.229011452696564,5516.7,2.1005,Urbano,5516.7,63.36,376.4,150.21186123014456,420.2115313683567,73030.587,,,,13.206886314634168,16.23369808050427,67.76173783184845,0.68371352403343,13206.886314634168,,,
28079060,2021,28079,,0.4094056049760259,2.170856927108768,6.265061097565473,5468.2,-0.8793,Urbano,5468.2,62.91,391.6,152.06867049392994,459.2560131759831,72388.435,,,,13.324043506883266,16.3777058686855,68.36284658353826,0.6897786899529499,13324.043506883265,,,
28079060,2022,28079,,3.983801695204505,2.028787900335628,6.012589595540133,5427.46,-0.745,Urbano,5427.46,56.39,406.5,153.7383465283582,498.2851649393346,71849.126,,,,13.42405560625485,16.500639176879172,68.8759874932257,0.6949562634762078,13424.05560625485,,,
28079060,2023,28079,8.389,4.050925419764737,1.9443392439030576,5.995264663667795,5512.25,1.5622,Urbano,5512.25,59.09,378.6,151.37356000162063,490.6205967224234,72971.566,8.949,37.355,7.281,13.217568242830582,16.24682813956036,67.81654454409993,0.684266521810245,13217.568242830584,0.985,0.001,0.986
28079061,2016,28079,,3.672338748933817,2.3854970684998102,6.057835817433628,5236.81,,Urbano,5236.81,65.91,380.5,155.09228912214374,473.9556366510496,69325.348,,,,13.912756145000175,17.101342235023967,71.38340650144794,0.7202560320652931,13912.756145000176,,,
28079061,2017,28079,,0.3818856205695121,2.422553288795891,6.241563170797075,5265.66,0.5509,Urbano,5265.66,66.42,402.0,154.37839559834003,469.28304001814655,69707.284,,,,13.836526199810807,17.00764157875903,70.99228679027615,0.7163096480940351,13836.526199810807,,,
28079061,2018,28079,,3.929414651298654,2.413166518675133,6.342581169973788,5332.42,1.2678,Urbano,5332.42,67.96,384.6,152.57990639505556,461.3583327076871,70591.015,,,,13.663306377806334,16.794722482994317,70.103532553561,0.7073421494638781,13663.306377806332,,,
28079061,2019,28079,,4.057691920964001,2.344450890942364,6.402142811906365,5403.21,1.3276,Urbano,5403.21,67.61,395.0,151.97392874616594,442.1758376743579,71528.159,,,,13.484293012578204,16.574682054519634,69.18505287303674,0.6980747221631989,13484.293012578204,,,
28079061,2020,28079,,3.989446433333412,2.239565019363152,6.229011452696564,5516.7,2.1005,Urbano,5516.7,63.36,376.4,150.21186123014456,420.2115313683567,73030.587,,,,13.206886314634168,16.23369808050427,67.76173783184845,0.68371352403343,13206.886314634168,,,
28079061,2021,28079,,0.4094056049760259,2.170856927108768,6.265061097565473,5468.2,-0.8793,Urbano,5468.2,62.91,391.6,152.06867049392994,459.2560131759831,72388.435,,,,13.324043506883266,16.3777058686855,68.36284658353826,0.6897786899529499,13324.043506883265,,,
28079061,2022,28079,,3.983801695204505,2.028787900335628,6.012589595540133,5427.46,-0.745,Urbano,5427.46,56.39,406.5,153.7383465283582,498.2851649393346,71849.126,,,,13.42405560625485,16.500639176879172,68.8759874932257,0.6949562634762078,13424.05560625485,,,
28079061,2023,28079,8.389,4.050925419764737,1.9443392439030576,5.995264663667795,5512.25,1.5622,Urbano,5512.25,59.09,378.6,151.37356000162063,490.6205967224234,72971.566,8.949,37.355,7.281,13.217568242830582,16.24682813956036,67.81654454409993,0.684266521810245,13217.568242830584,0.985,0.001,0.986
28080003,2016,28080,,3.672338748933817,2.3854970684998102,6.057835817433628,1839.34,,Urbano,1839.34,74.27,380.5,6938.74637834782,21204.522648576072,1549.534,,,,13.587732315737403,17.22987774715568,215.6497774008904,0.8903964384142463,13587.732315737405,,,
28080003,2017,28080,,0.3818856205695121,2.422553288795891,6.241563170797075,1853.49,0.7689,Urbano,1853.49,73.36,402.0,6891.870853728664,20950.06942593865,1561.448,,,,13.48406008499418,17.098416527581033,214.00440398883572,0.8836028555800222,13484.06008499418,,,
28080003,2018,28080,,3.929414651298654,2.413166518675133,6.342581169973788,1866.12,0.6816,Urbano,1866.12,71.02,384.6,6851.236330709759,20716.19419098697,1572.092,,,,13.392770077314202,16.982656543846208,212.55554781639617,0.8776206728425158,13392.770077314202,,,
28080003,2019,28080,,4.057691920964001,2.344450890942364,6.402142811906365,1867.19,0.0571,Urbano,1867.19,71.08,395.0,6910.673015342634,20106.952913986577,1572.989,,,,13.385125163589786,16.97296243700053,212.4342160220533,0.8771197059560605,13385.125163589786,,,
28080003,2020,28080,,3.989446433333412,2.239565019363152,6.229011452696564,1875.74,0.4581,Urbano,1875.74,68.79,376.4,6942.221606264292,19420.580694338576,1580.194,,,,13.324093964382232,16.895572032430184,211.46559489986836,0.8731203658790104,13324.093964382231,,,
28080003,2021,28080,,0.4094056049760259,2.170856927108768,6.265061097565473,1872.59,-0.1677,Urbano,1872.59,66.79,391.6,6977.940972318627,21073.777660549185,1577.545,,,,13.346475275564316,16.9239525779493,211.82080684121388,0.874587000583058,13346.475275564317,,,
28080003,2022,28080,,3.983801695204505,2.028787900335628,6.012589595540133,1876.36,0.2013,Urbano,1876.36,65.22,406.5,6987.932778231896,22648.76210532149,1580.72,,,,13.319663614070574,16.889954141786394,211.3952811759653,0.872830047520747,13319.663614070574,,,
28080003,2023,28080,6.309,4.050925419764737,1.9443392439030576,5.995264663667795,1885.96,0.5112,Urbano,1885.96,69.08,378.6,6952.390141699289,22533.563985223576,1588.801,3.167,39.639,2.498,13.251915972873132,16.804046975795334,210.32006395765563,0.8683905827865689,13251.915972873132,0.041,0.0,0.041
28092005,2016,28092,,3.672338748933817,2.3854970684998102,6.057835817433628,4583.05,,Urbano,4583.05,61.12,380.5,2387.7313801589385,7296.808583073137,4502.947,,,,11.21713501998891,11.956870641104205,10.447245810110209,0.8559728423161846,11217.135019988911,,,
28092005,2017,28092,,0.3818856205695121,2.422553288795891,6.241563170797075,4604.78,0.4742,Urbano,4604.78,56.48,402.0,2378.55597345454,7230.389807782602,4524.299,,,,11.1641955767248,11.900440004066043,10.397939870951502,0.851933065168039,11164.1955767248,,,
28092005,2018,28092,,3.929414651298654,2.413166518675133,6.342581169973788,4616.06,0.2449,Urbano,4616.06,63.36,384.6,2374.832806200053,7180.8203964364175,4535.38,,,,11.136917839638814,11.871363383954224,10.372534344141576,0.8498515174195418,11136.917839638814,,,
28092005,2019,28092,,4.057691920964001,2.344450890942364,6.402142811906365,4662.62,1.0087,Urbano,4662.62,64.31,395.0,2372.867905767171,6903.979271837235,4581.13,,,,11.025699862322169,11.752810922441489,10.268949824078325,0.8413645403090102,11025.699862322166,,,
28092005,2020,28092,,3.989446433333412,2.239565019363152,6.229011452696564,4687.7,0.5378,Urbano,4687.7,60.64,376.4,2381.8096229833245,6663.01489712756,4605.767,,,,10.966720397129937,11.689941942570218,10.214018420514575,0.8368638527119618,10966.720397129937,,,
28092005,2021,28092,,0.4094056049760259,2.170856927108768,6.265061097565473,4672.77,-0.3186,Urbano,4672.77,47.55,391.6,2397.688407214306,7241.155033176079,4591.094,,,,11.001769708880504,11.727302648839196,10.24666211916676,0.8395384446596291,11001.769708880503,,,
28092005,2022,28092,,3.983801695204505,2.028787900335628,6.012589595540133,4653.2,-0.4188,Urbano,4653.2,58.35,406.5,2416.0738835318857,7830.796940041483,4571.866,,,,11.04804058229267,11.776624944314312,10.28975718644766,0.8430693472439776,11048.04058229267,,,
28092005,2023,28092,6.393,4.050925419764737,1.9443392439030576,5.995264663667795,4709.01,1.1995,Urbano,4709.01,56.13,378.6,2387.4375783968,7737.983101791588,4626.704,5.476,4.785,5.137,10.917094644167278,11.637043523536793,10.167798736184412,0.8330769412822758,10917.09464416728,0.221,0.0,0.221
28102001,2016,28102,,3.672338748933817,2.3854970684998102,6.057835817433628,57.35,,Rural,57.35,58.55,380.5,400776.32653061225,1224755.918367347,26.828,,,,0.0,2.857142857142857,0.0,0.0,0.0,,,
28102001,2017,28102,,0.3818856205695121,2.422553288795891,6.241563170797075,57.02,-0.5714,Rural,57.02,70.37,402.0,403434.7290640394,1226370.2791461411,26.674,,,,0.0,2.8735632183908044,0.0,0.0,0.0,,,
28102001,2018,28102,,3.929414651298654,2.413166518675133,6.342581169973788,56.27,-1.3136,Rural,56.27,65.97,384.6,409164.7254575708,1237198.0033277872,26.324,,,,0.0,2.9118136439267888,0.0,0.0,0.0,,,
28102001,2019,28102,,4.057691920964001,2.344450890942364,6.402142811906365,58.24,3.4942,Rural,58.24,67.01,395.0,399008.038585209,1160934.0836012862,27.244,,,,0.0,2.813504823151125,0.0,0.0,0.0,,,
28102001,2020,28102,,3.989446433333412,2.239565019363152,6.229011452696564,60.62,4.0997,Rural,60.62,54.93,376.4,386807.722007722,1082078.7644787645,28.36,,,,0.0,2.702702702702702,0.0,0.0,0.0,,,
28102001,2021,28102,,0.4094056049760259,2.170856927108768,6.265061097565473,60.44,-0.3089,Rural,60.44,,391.6,389348.56700232375,1175854.7637490316,28.273,,,,0.0,2.7110766847405112,0.0,0.0,0.0,,,
28102001,2022,28102,,3.983801695204505,2.028787900335628,6.012589595540133,62.07,2.7111,Rural,62.07,22.04,406.5,380378.5822021116,1232854.4494720965,29.039,,,,0.0,2.6395173453996983,0.0,0.0,0.0,,,
28102001,2023,28102,1.371,4.050925419764737,1.9443392439030576,5.995264663667795,66.24,6.7119,Rural,66.24,38.39,378.6,356453.7102473498,1155310.954063604,30.989,0.016,0.0,0.0,0.0,2.4734982332155475,0.0,0.0,0.0,0.0,0.0,0.0
28120001,2016,28120,,3.672338748933817,2.3854970684998102,6.057835817433628,11.34,,Rural,11.34,72.19,380.5,290160.1654846336,886717.4940898345,37.055,,,,28.073286052009458,61.87943262411348,80040.24822695035,1.7730496453900708,28073.28605200946,,,
28120001,2017,28120,,0.3818856205695121,2.422553288795891,6.241563170797075,11.21,-1.182,Rural,11.21,,402.0,293889.65311004786,893372.6076555024,36.617,,,,28.40909090909091,62.61961722488039,80997.66746411483,1.7942583732057418,28409.09090909091,,,
28120001,2018,28120,,3.929414651298654,2.413166518675133,6.342581169973788,11.14,-0.5383,Rural,11.14,77.54,384.6,295740.228502706,894234.5159350572,36.42,,,,28.5628382441371,62.9585087191822,81436.01924233313,1.8039687312086592,28562.8382441371,,,
28120001,2019,28120,,4.057691920964001,2.344450890942364,6.402142811906365,11.15,0.0601,Rural,11.15,,395.0,298296.875,867909.8557692308,36.442,,,,28.54567307692308,62.92067307692308,81387.07932692308,1.8028846153846156,28545.67307692308,,,
28120001,2020,28120,,3.989446433333412,2.239565019363152,6.229011452696564,11.56,3.6659,Rural,11.56,56.36,376.4,290386.0869565217,812343.1884057971,37.778,,,,27.536231884057973,60.69565217391305,78509.04347826086,1.7391304347826089,27536.23188405797,,,
28120001,2021,28120,,0.4094056049760259,2.170856927108768,6.265061097565473,11.75,1.6812,Rural,11.75,,391.6,286572.97605473205,865466.6476624858,38.413,,,,27.08095781071836,59.6921322690992,77211.00342075256,1.7103762827822122,27080.95781071836,,,
28120001,2022,28120,,3.983801695204505,2.028787900335628,6.012589595540133,11.63,-1.0262,Rural,11.63,64.47,406.5,290542.6267281106,941684.9078341014,38.018,,,,27.361751152073733,60.3110599078341,78011.57834101382,1.7281105990783412,27361.75115207373,,,
28120001,2023,28120,0.743,4.050925419764737,1.9443392439030576,5.995264663667795,11.63,0.0,Rural,11.63,32.64,378.6,290542.6267281106,941684.9078341014,38.018,0.07,90.7,0.032,27.361751152073733,60.3110599078341,78011.57834101382,1.7281105990783412,27361.75115207373,0.044,0.093,0.137
28123002,2016,28123,,3.672338748933817,2.3854970684998102,6.057835817433628,1226.87,,Urbano,1226.87,73.65,380.5,5935.453061717947,18138.4996675331,1811.458,,,,24.44417578431965,27.224808075923352,182.54246509097504,2.188236716435955,24444.17578431965,,,
28123002,2017,28123,,0.3818856205695121,2.422553288795891,6.241563170797075,1242.48,1.2718,Urbano,1242.48,73.86,402.0,5866.074945981114,17831.8311506918,1834.497,,,,24.1371900629126,26.88290138121217,180.24997910871824,2.160755428748791,24137.190062912603,,,
28123002,2018,28123,,3.929414651298654,2.413166518675133,6.342581169973788,1274.01,2.538,Urbano,1274.01,74.27,384.6,5725.914800973304,17313.54126645943,1881.057,,,,23.539752948435844,26.217503172551897,175.7884810170794,2.107273002456545,23539.75294843584,,,
28123002,2019,28123,,4.057691920964001,2.344450890942364,6.402142811906365,1307.49,2.6277,Urbano,1307.49,77.51,395.0,5630.924560408394,16383.4600113443,1930.485,,,,22.93703913783324,25.54622802041974,171.287577992059,2.0533182076006806,22937.03913783324,,,
28123002,2020,28123,,3.989446433333412,2.239565019363152,6.229011452696564,1349.36,3.2025,Urbano,1349.36,72.71,376.4,5506.205137788135,15403.38342145472,1992.309,,,,22.225275631231245,24.75349829070164,165.97232145801502,1.9896013102788737,22225.275631231245,,,
28123002,2021,28123,,0.4094056049760259,2.170856927108768,6.265061097565473,1378.31,2.1457,Urbano,1378.31,63.51,391.6,5409.190207156309,16336.061339790152,2035.058,,,,21.75840731772935,24.23352165725047,162.4858757062147,1.947807371536185,21758.40731772935,,,
28123002,2022,28123,,3.983801695204505,2.028787900335628,6.012589595540133,1434.16,4.0517,Urbano,1434.16,74.47,406.5,5216.485675871341,16907.281001137657,2117.511,,,,20.9111593753232,23.28989554245527,156.15885820663976,1.871961940221326,20911.1593753232,,,
28123002,2023,28123,4.226,4.050925419764737,1.9443392439030576,5.995264663667795,1487.33,3.7077,Urbano,1487.33,76.28,378.6,5029.987534280728,16302.817252555473,2196.022,3.338,22.379,2.997,20.163550236848668,22.457242582897035,150.5759162303665,1.805036150585889,20163.550236848667,5.453,0.131,5.584
28133002,2016,28133,,3.672338748933817,2.3854970684998102,6.057835817433628,71.68,,Rural,71.68,59.3,380.5,58838.80632790029,179808.96452540747,182.734,,,,21.52444870565676,23.09443911792905,6784.851390220518,3.1160115052732507,21524.44870565676,,,
28133002,2017,28133,,0.3818856205695121,2.422553288795891,6.241563170797075,71.28,-0.5513,Rural,71.28,54.81,402.0,59217.10050614606,180009.52036635333,181.726,,,,21.643769583032057,23.222463244155215,6822.4632441552185,3.1332851289467345,21643.76958303205,,,
28133002,2018,28133,,3.929414651298654,2.413166518675133,6.342581169973788,71.45,0.241,Rural,71.45,61.12,384.6,59126.71315220005,178782.39961529215,182.164,,,,21.59172878095696,23.166626592930992,6806.059148833854,3.1257513825438807,21591.72878095696,,,
28133002,2019,28133,,4.057691920964001,2.344450890942364,6.402142811906365,72.66,1.6951,Rural,72.66,67.63,395.0,58679.04007565906,170729.63707294004,185.252,,,,21.23182409268235,22.7804705047878,6692.611419789573,3.0736493675375343,21231.82409268235,,,
28133002,2020,28133,,3.989446433333412,2.239565019363152,6.229011452696564,74.55,2.6008,Rural,74.55,56.97,376.4,57715.86588316627,161457.7716326766,190.07,,,,20.69362829819104,22.20301878096555,6522.96347505473,2.9957368360410186,20693.62829819104,,,
28133002,2021,28133,,0.4094056049760259,2.170856927108768,6.265061097565473,75.25,0.9333,Rural,75.25,59.78,391.6,57380.02283105023,173290.92465753423,191.844,,,,20.50228310502283,21.99771689497717,6462.648401826484,2.968036529680365,20502.28310502283,,,
28133002,2022,28133,,3.983801695204505,2.028787900335628,6.012589595540133,75.7,0.5936,Rural,75.7,59.31,406.5,57238.08443032229,185515.77394462097,192.983,,,,20.38129822968679,21.86790739900136,6424.512029051294,2.9505220154335,20381.298229686792,,,
28133002,2023,28133,1.82,4.050925419764737,1.9443392439030576,5.995264663667795,77.34,2.1675,Rural,77.34,43.55,378.6,56023.769854492944,181580.02887926248,197.166,0.165,48.608,0.154,19.948905920248805,21.40397645229368,6288.2150394313,2.88792624680662,19948.90592024881,4.738,0.0,4.738
28148004,2016,28148,,3.672338748933817,2.3854970684998102,6.057835817433628,3922.84,,Urbano,3922.84,51.49,380.5,3866.334333482962,11815.358203195754,2780.884,,,,10.844142036997662,13.48705711878155,13.709925106905755,0.8820217197848498,10844.142036997662,,,
28148004,2017,28148,,0.3818856205695121,2.422553288795891,6.241563170797075,3954.72,0.8127,Urbano,3954.72,61.06,402.0,3838.543741651239,11668.494606016577,2803.485,,,,10.756720020622906,13.37832876348496,13.59940006093131,0.8749111418371571,10756.720020622906,,,
28148004,2018,28148,,3.929414651298654,2.413166518675133,6.342581169973788,4007.73,1.3405,Urbano,4007.73,65.39,384.6,3791.1029916209945,11463.21948060958,2841.065,,,,10.614434706195222,13.201365924349991,13.41951298476054,0.8633381896106499,10614.434706195225,,,
28148004,2019,28148,,4.057691920964001,2.344450890942364,6.402142811906365,4058.61,1.2696,Urbano,4058.61,66.2,395.0,3778.209109730849,10992.890634514675,2877.134,,,,10.48136645962733,13.035866520521251,13.251278772378516,0.8525149190110827,10481.36645962733,,,
28148004,2020,28148,,3.989446433333412,2.239565019363152,6.229011452696564,4104.24,1.1243,Urbano,4104.24,65.14,376.4,3770.453057138341,10547.688046186388,2909.481,,,,10.364839333699653,12.890939609944828,13.103957005110912,0.8430370409399862,10364.839333699652,,,
28148004,2021,28148,,0.4094056049760259,2.170856927108768,6.265061097565473,4101.71,-0.0617,Urbano,4101.71,61.35,391.6,3785.834255974573,11433.43425898728,2907.685,,,,10.37124070768466,12.898901115454429,13.11205007117518,0.8435577046192316,10371.24070768466,,,
28148004,2022,28148,,3.983801695204505,2.028787900335628,6.012589595540133,4162.32,1.4777,Urbano,4162.32,61.48,406.5,3743.566906400066,12133.367474931902,2950.653,,,,10.22021331077019,12.711065588979686,12.921110641045624,0.8312737042892239,10220.21331077019,,,
28148004,2023,28148,7.733,4.050925419764737,1.9443392439030576,5.995264663667795,4254.32,2.2103,Urbano,4254.32,61.64,378.6,3662.612282243249,11870.983436326802,3015.871,5.287,5.374,4.251,9.999201225755389,12.436188830231426,12.641691658618411,0.8132974126976058,9999.201225755389,0.192,0.009,0.201
28161001,2016,28161,,3.672338748933817,2.3854970684998102,6.057835817433628,1137.82,,Urbano,1137.82,65.91,380.5,6726.461884145338,20555.789992875543,1598.437,,,,13.16380774921905,13.66388995451307,28.441661643009805,0.9864635282512194,13163.80774921905,,,
28161001,2017,28161,,0.3818856205695121,2.422553288795891,6.241563170797075,1153.22,1.3536,Urbano,1153.22,62.12,402.0,6642.471882772791,20191.940629393317,1620.074,,,,12.987996106845465,13.481399372769546,28.061803828268623,0.9732886341516168,12987.996106845463,,,
28161001,2018,28161,,3.929414651298654,2.413166518675133,6.342581169973788,1165.21,1.0395,Urbano,1165.21,55.86,384.6,6579.918389189913,19895.805739514348,1636.916,,,,12.85437152986822,13.342698508261424,27.77309519031373,0.963275135460566,12854.371529868218,,,
28161001,2019,28161,,4.057691920964001,2.344450890942364,6.402142811906365,1184.51,1.6563,Urbano,1184.51,33.5,395.0,6532.592816814287,19006.909440269534,1664.028,,,,12.644933735177606,13.125304344392823,27.320584867667765,0.9475803798218022,12644.933735177608,,,
28161001,2020,28161,,3.989446433333412,2.239565019363152,6.229011452696564,1204.57,1.6938,Urbano,1204.57,61.19,376.4,6482.671153099522,18135.00711789828,1692.213,,,,12.43432121133687,12.906690824382038,26.86553643069755,0.9317975928562184,12434.32121133687,,,
28161001,2021,28161,,0.4094056049760259,2.170856927108768,6.265061097565473,1209.51,0.4102,Urbano,1209.51,67.28,391.6,6478.520886230941,19565.500663770992,1699.155,,,,12.383517857373011,12.853957492878962,26.755770941008155,0.9279905138747472,12383.517857373014,,,
28161001,2022,28161,,3.983801695204505,2.028787900335628,6.012589595540133,1233.1,1.9501,Urbano,1233.1,62.64,406.5,6376.510745891276,20667.06700379267,1732.29,,,,12.146649810366624,12.608091024020228,26.243994943109985,0.9102402022756004,12146.649810366624,,,
28161001,2023,28161,5.461,4.050925419764737,1.9443392439030576,5.995264663667795,1268.86,2.9001,Urbano,1268.86,60.74,378.6,6196.795832616655,20084.588544610167,1782.529,1.554,3.234,1.497,11.804309899992628,12.252745902646389,25.504336929011963,0.8845860874265916,11804.309899992628,0.033,0.0,0.033
28171001,2016,28171,,3.672338748933817,2.3854970684998102,6.057835817433628,81.47,,Rural,81.47,71.47,380.5,77990.62748212868,238336.1397934869,137.86,,,,5.893566322478157,7.688641779189833,5592.7402700556,5.718824463860206,5893.5663224781565,,,
28171001,2017,28171,,0.3818856205695121,2.422553288795891,6.241563170797075,82.01,0.6672,Rural,82.01,62.57,402.0,77541.97569827994,235713.902477513,138.78,,,,5.854505286413129,7.637683446425753,5555.673031402872,5.680921571721635,5854.505286413129,,,
28171001,2018,28171,,3.929414651298654,2.413166518675133,6.342581169973788,82.94,1.1362,Rural,82.94,63.48,384.6,76738.33671399594,232034.95085036667,140.357,,,,5.788734591980028,7.551880168513028,5493.259478857856,5.617100951786551,5788.734591980028,,,
28171001,2019,28171,,4.057691920964001,2.344450890942364,6.402142811906365,84.38,1.7319,Rural,84.38,66.13,395.0,76129.75460122699,221503.3742331288,142.788,,,,5.690184049079755,7.423312883435583,5399.739263803681,5.521472392638037,5690.184049079755,,,
28171001,2020,28171,,3.989446433333412,2.239565019363152,6.229011452696564,86.2,2.1626,Rural,86.2,,376.4,75201.32112295451,210372.6167242156,145.876,,,,5.569734274133013,7.26617624981234,5285.437621978682,5.404593904819096,5569.734274133013,,,
28171001,2021,28171,,0.4094056049760259,2.170856927108768,6.265061097565473,88.48,2.6422,Rural,88.48,54.42,391.6,73518.94105601872,222031.37340939007,149.73,,,,5.426356589147287,7.079128272634196,5149.378382331432,5.265467310223783,5426.356589147286,,,
28171001,2022,28171,,3.983801695204505,2.028787900335628,6.012589595540133,91.78,3.7297,Rural,91.78,56.62,406.5,71119.85335589397,230508.3192329385,155.315,,,,5.2312464749012975,6.82459108855048,4964.227298364354,5.076142131979695,5231.246474901298,,,
28171001,2023,28171,1.862,4.050925419764737,1.9443392439030576,5.995264663667795,94.12,2.5522,Rural,94.12,61.75,378.6,69349.92437783584,224771.75855905403,159.279,0.063,45.539,0.048,5.101058710298364,6.654750446858243,4840.684724322838,4.949814381960676,5101.0587102983645,0.441,0.0,0.441
28180001,2016,28180,,3.672338748933817,2.3854970684998102,6.057835817433628,61.06,,Rural,61.06,56.44,380.5,67577.56366139023,206514.246386786,159.104,,,,1.335168616655196,1.335168616655196,6.634549208534067,1.2388162422573985,1335.168616655196,,,
28180001,2017,28180,,0.3818856205695121,2.422553288795891,6.241563170797075,60.89,-0.2753,Rural,60.89,62.22,402.0,67823.80952380953,206172.39475500345,158.666,,,,1.338854382332643,1.338854382332643,6.652864044168392,1.2422360248447206,1338.8543823326434,,,
28180001,2018,28180,,3.929414651298654,2.413166518675133,6.342581169973788,61.27,0.6349,Rural,61.27,64.99,384.6,67455.21876285832,203965.43683993965,159.673,,,,1.3304073515292827,1.3304073515292827,6.610890138526951,1.2343985735838705,1330.4073515292828,,,
28180001,2019,28180,,4.057691920964001,2.344450890942364,6.402142811906365,61.64,0.6035,Rural,61.64,66.39,395.0,67670.89297886843,196891.8882072256,160.636,,,,1.3224267211997274,1.3224267211997274,6.571233810497614,1.2269938650306749,1322.4267211997274,,,
28180001,2020,28180,,3.989446433333412,2.239565019363152,6.229011452696564,62.47,1.3361,Rural,62.47,61.5,376.4,67390.82470065923,188523.07278353287,162.783,,,,1.3049912552132383,1.3049912552132383,6.484595721781246,1.2108166285483657,1304.9912552132382,,,
28180001,2021,28180,,0.4094056049760259,2.170856927108768,6.265061097565473,63.47,1.601,Rural,63.47,61.03,391.6,66558.39512711864,201010.1297669492,165.389,,,,1.2844279661016949,1.2844279661016949,6.382415254237288,1.1917372881355932,1284.427966101695,,,
28180001,2022,28180,,3.983801695204505,2.028787900335628,6.012589595540133,64.11,1.0196,Rural,64.11,,406.5,66113.77637960414,214282.9990824485,167.075,,,,1.2714641499541224,1.2714641499541224,6.317997116266876,1.1797090051120724,1271.4641499541224,,,
28180001,2023,28180,1.767,4.050925419764737,1.9443392439030576,5.995264663667795,65.1,1.5336,Rural,65.1,,378.6,65115.156209656605,211046.34650142008,169.637,0.008,0.04,0.008,1.252259230570617,1.252259230570617,6.222566485928221,1.161890007745933,1252.259230570617,0.002,0.0,0.002
